id,fecha,aclaracion,estado,url_remito,
32,2025-05-12,,En Proceso,https://storage.googleapis.com/factudata-3afdf.appspot.com/StockRemitos/5492216059359%40s.whatsapp.net/2025-04-14/Conformidad_Don_Alberto_Pedido_1.pdf?GoogleAccessId=firebase-adminsdk-xts1d%40factudata-3afdf.iam.gserviceaccount.com&Expires=16447017600&Signature=PrJcU%2FC60yln8McMgAZNAnyN39ctqZyA6Snw29gg91Q7ZhSsSO1M22OFIgmi6wZf0mwoZ7PGoBqzu1yRf4kRfYXwieZkyObvyoT%2B6c1aIcbzNFUcK9aM9iYIfCAciJABEY10sCkZRPyRtOWeKtFHwsM8ez0DB4jQTP975UT%2BsMFgyDin5EcHYWgdXpXPAwQ%2FAdihbRFwan590UM4QZGtvYosvf2%2F2Ite6bxAreE3akcXij1NPi7FyZ8uF0mUqMx7CzAZfs9iI8%2FOjk8qWkt5XnzSbaFLkGd4cKStJhdUQ4FhmwJgAn4df98FNXyZJJCSOChflY32MDqtdxmHbzDJ6Q%3D%3D,ACTIVE
33,2025-05-12,,En Proceso,https://storage.googleapis.com/factudata-3afdf.appspot.com/StockRemitos/5492212241284%40s.whatsapp.net/2025-04-14/Conformidad_Don_Alberto_Pedido_33.pdf?GoogleAccessId=firebase-adminsdk-xts1d%40factudata-3afdf.iam.gserviceaccount.com&Expires=16447017600&Signature=T%2B0S0jggHQ37a4moslA54tZ95pohL83KaGgNiOmYprFH4wiII5cmj%2B0pL4PH6VaU6NA9q0PYwB%2FfSGQvxjvroWswpfoqDKPlpkPvGJ5cwj3RMfw8w2dY6QaUp02rbKmKHMeT%2FJXjRNCJLWiGwVu9DqDI0gjRel6t8l%2B%2BEUwjVZH%2F8cr3Iv%2BVuIwJV6PkFT1IdB%2BJYxOB2xWgExHg2D7iubvRxbMUj%2FR03SEzJJt0e56c34Bai0e5sApi5ez5ItgbXLfJThzcEwrv6BvS7rx05KznhT%2BuXCTLDPuDyABTW4F5ITa5OoOL31p3iVSiuCfFsZoBCCQptJH3htZ4CL%2FSwQ%3D%3D,ACTIVE
34,2025-05-12,,En Proceso,https://storage.googleapis.com/factudata-3afdf.appspot.com/StockRemitos/5492212241284%40s.whatsapp.net/2025-04-14/Conformidad_Don_Alberto_Pedido_34.pdf?GoogleAccessId=firebase-adminsdk-xts1d%40factudata-3afdf.iam.gserviceaccount.com&Expires=16447017600&Signature=CYAHXf4jsFIBwMiknNNMP1Ww5q02G5JMzkdA4qUp9OeorPA%2FnEhwr10yifYBnt%2FoIE%2FNXPmtMn%2BF49RkLuXtoa32hwGJGctbBMDyAiVGfBwCn%2B9ZttXPZcJbtI9vDYfs%2B97kb6Cvc962YpploUsenFLckacd54cWQalmFHssW0ExWac9jFqIFu110cW3q9VJ1mV6BeZRsEv%2FhUEddSpxxv%2Fh9Kx3g7XyeQADH%2F6u1PixYI9eRiEFlcnKJp0ipzXui3ulzbP7Lu3x0hZPtY330rB2IWhcEty4RIXdryXeurMQk6e0V%2ByMR%2BBhMb%2BLut3yNP%2F2H3IXS6jv6hzdKsIceQ%3D%3D,ACTIVE
35,2025-05-12,,En Proceso,https://storage.googleapis.com/factudata-3afdf.appspot.com/StockRemitos/5492212241284%40s.whatsapp.net/2025-04-14/Conformidad_Solares_Pedido_35.pdf?GoogleAccessId=firebase-adminsdk-xts1d%40factudata-3afdf.iam.gserviceaccount.com&Expires=16447017600&Signature=IIQejNf4WGbZWuZscS8q53GAABAgwWueNT3%2Fza4rINx2%2BvkV4l4fCPYat97%2BeP3puIBFMuqGpcon6Yun2qUni27YzTwCYTJANkGQpTe9oLVQ4vfC31ij1Y0%2Biaz3VsywP47rzeUNLP4LAkY4PDh8CkTMfDeSBnmdBFppP7RPygJKZKWY16Jb9KadeclsWugPbRgfoA7PuFef5OvvDnlmzI%2BC9ceapdhrEdBabIoM%2BpR9cQ8xnWhN9ObGbLxu8eZs1eBP17EGp24jj3nn5Joo9%2BBSAhwSafwCZF3jALpiAziAhXvMQSXicV4a5xf84YZmvqzZFWuLvJMKiWg7HmB0ZQ%3D%3D,ACTIVE
36,2025-05-12,,En Proceso,https://storage.googleapis.com/factudata-3afdf.appspot.com/StockRemitos/5492212241284%40s.whatsapp.net/2025-04-14/Conformidad_Solares_Pedido_36.pdf?GoogleAccessId=firebase-adminsdk-xts1d%40factudata-3afdf.iam.gserviceaccount.com&Expires=16447017600&Signature=e%2BFV8XYbmA2jOVRF%2BUlUY7kt01yQHdm%2Bu94ILhFiIE7GxxASMIWUaQ0yfCr3wIc%2FGQuPY3mR8YCGtM3J6jPtXv521YNmAeXUX536elYRNnmrtL5l5d5a06HN4ALoHt%2FRlOdI2sEy%2FY7cIqhJPjJvuTg41mkKHwT9p0Y7uPS2pxL006fas0fbLlaUwylgUTufONqS4lJiljT5PoRNmwgi%2FJj3odXNS6H3aGoq%2B6s%2Bh2W%2F%2BaiYgRkocsXQlj00i5LdFUykmdKpjFM49%2FNwEMF%2FVMwiEmF83vRexd%2Bjzd0vlKgXXquLHzWhIFyTtBXZqSqFfVFXjKKFk1dZC%2FpCR99AhA%3D%3D,ACTIVE
37,2025-05-12,,En Proceso,https://storage.googleapis.com/factudata-3afdf.appspot.com/StockRemitos/5492212241284%40s.whatsapp.net/2025-04-14/Conformidad_Pool_460_459_Pedido_37.pdf?GoogleAccessId=firebase-adminsdk-xts1d%40factudata-3afdf.iam.gserviceaccount.com&Expires=16447017600&Signature=jI7NLnUN1v9%2FZIkZwUE36jp77EKYP6npShA70B1LLy1C%2B%2Fu1aRpJG2kJU7Q%2BtU6ciODqmEhxjdwXIkK06RljBM%2FaVT1J%2BINth3pEnfARLWjMbkSVZHBS7eEUd8joh5SC6q4YgfUv3D2HvgKg5dk4l49tSK%2FUw4wzmY4hiXydUdCNNj8xtI4s0HEn2bQ2d%2FF1hcwHYGIMkdh8%2FiiUxSjtzPEw4FfEoHO0jRPuF5eVp%2B7wzxY6aFqBGyHzEG02bU53Z1%2FpL5fFWm7xbUe67SGaO6s7Rhhmz8DbsPXgCi3L%2BioW0Jmx%2FLGTZY5KJAL8JlV0ucyzPCWb94ao%2FgAIfqLm%2BQ%3D%3D,ACTIVE
38,2025-05-12,,En Proceso,https://storage.googleapis.com/factudata-3afdf.appspot.com/StockRemitos/5492212241284%40s.whatsapp.net/2025-04-14/Conformidad_Pool_460_459_Pedido_38.pdf?GoogleAccessId=firebase-adminsdk-xts1d%40factudata-3afdf.iam.gserviceaccount.com&Expires=16447017600&Signature=FfqEcE15rZ5xVIQ1AfPeNJdF571k4W5jffyFztdPByHYwQEchOkMIhngX0%2FKRh9VxZDc9Ex1ZXtfGwiQW5q6oKhLkNYq4dC%2F8AHQDO2MX2WltmLjoBDsedEtoEUlybDphbSHo4rMDZ9XXOLvCeDve0ugr%2BZh3mb26eiWIWg0ykplrBQdqga7EOWSnBPryZdaGb1FEX3khIDswXStk9meS75CmE%2FkPFiDJDp1kCzUVsfkPGMRcFJda%2FZAtugcHjDU5dVVcNzV3wsxgz2wtxav9nz6vSCiAE0rroDhVcfGXqdElr461iHfaOVw8Ny5909JRPaSPMXA8PHs%2FuB0jE12hA%3D%3D,ACTIVE
39,2025-05-12,,En Proceso,https://storage.googleapis.com/factudata-3afdf.appspot.com/StockRemitos/5492212241284%40s.whatsapp.net/2025-04-14/Conformidad_Pool_460_459_Pedido_39.pdf?GoogleAccessId=firebase-adminsdk-xts1d%40factudata-3afdf.iam.gserviceaccount.com&Expires=16447017600&Signature=itX1z54EVlImaEwCp3cxJBZzoT62UjP1y28dOoZTfjQ2z53%2BB4hIhW9C6w59eY0AWVzenr7UKaCtq7RupSDgjVxM7Rkci9FBUqUngg5HBnCFp0vhJ1ImaDlpk2zcO15wwbIdI67NUgNjgN9dNvdNLzFpJqARliJSDK8uWGTK3EcVQEWqr%2FAU3YAqKLHj2rD4g1SMug%2FyMhFnrgqM%2BfkwRKyfwXOoggK%2BcuvP09IGn44jXnBC9v%2F8CI2oczfhD0W32bEkPN57SxERuHAsNQYPv8ktdtXBnCeSh0b4Wo7VjU0jbsqQjwbREZE65l1QJxGLul2tAJVxJuGAZXCkxfT21Q%3D%3D,ACTIVE
40,2025-05-12,,En Proceso,https://storage.googleapis.com/factudata-3afdf.appspot.com/StockRemitos/5492212241284%40s.whatsapp.net/2025-04-14/Conformidad_Pool_460_459_Pedido_40.pdf?GoogleAccessId=firebase-adminsdk-xts1d%40factudata-3afdf.iam.gserviceaccount.com&Expires=16447017600&Signature=hGPh828t%2Brdkn7zUPy5sXb83lCfxyBNQpTD1FZCSqqN5UOlYiHuri%2B7GQcMfKbnoUsyTmBS6zn1s2wOdK%2FT9O360hNWe55q%2FeGpC7i3Du8Hec47JcPCX0XoL9cwdp4ij8OmS%2FFideOE9BdYLMVHimNTJS3AjkfiH4i8Vq3mi1FcBLCP4GRlZlUDxt%2F9rw21EqQPuymsexi613x1Nz%2FcfK1x%2BC%2BLVM%2F33J%2BqznUKfRvFsEGhDC2ZXu076jYVeRT5ti9qgGt0ihtghVMQ8oG7h9qTxWiZgKl61mnmwsmh9qOWMuHn%2F2Olc%2BTWp79ZiT2Vn%2BScD5Jge1XCdG7%2BxEDV%2FBg%3D%3D,ACTIVE
41,2025-05-12,,En Proceso,https://storage.googleapis.com/factudata-3afdf.appspot.com/StockRemitos/5492212241284%40s.whatsapp.net/2025-04-14/Conformidad_Pool_460_459_Pedido_41.pdf?GoogleAccessId=firebase-adminsdk-xts1d%40factudata-3afdf.iam.gserviceaccount.com&Expires=16447017600&Signature=n5xWnp0h9DXDITARZ3FdAtK%2FjQjUXOIHG43cSLAnOH%2Bcm1IkgMWhnV31kyRDTc5dpPADc3%2BvZqaHk%2BxgtY1pRJIOGRtVkbSkWCuFazuuTrAVaazyZVo8FL2t96pFF3xvxPJ%2BFpnsdj1O1I4EGRyL5e5AEQ%2FYiUK7V7H7EvdZC%2Bl2hC4zL76rRtg22cArUURHDxyxqlA7A90Z299G%2Br2KpGuUT%2FJMotjDkoWyOAGE3HBBIIOQTpdZxUdzLonY5ReAL5x2UZ1EQ%2B4AS8CWSvRJqlKuZhvX8kFYlCn4gd%2BXSjt7d8yygJUM7UikTYYUGfEVlTC4XAB1K732tKy9sa659g%3D%3D,ACTIVE
42,2025-05-12,,En Proceso,https://storage.googleapis.com/factudata-3afdf.appspot.com/StockRemitos/5492212241284%40s.whatsapp.net/2025-04-14/Conformidad_Pool_460_459_Pedido_42.pdf?GoogleAccessId=firebase-adminsdk-xts1d%40factudata-3afdf.iam.gserviceaccount.com&Expires=16447017600&Signature=yRg98pz4LlgHP4qCIaXxafg8gqLQ9LbGIg7JSZINjqB5sPau6KRwzg7x0JvtglYwe6ekvWl9SxQeBxs%2BzvifmiKfkQsrqQbFAcvvkCI5wfCJqq9AgbQKany0WiGqJ9zWtAInmWJaCqesDRONwsiI3y4VACiPOXxG6yII2fiLuJreeVjkP8V0t1CGTC%2F9MzLcCNryszExsam%2BCb6h3ZTZuEPltPqovYD5cTloLBYK2vg93gXEyUYOAW0FAf9%2BIvzl2bmXhwNSNpJLufYLd9gse2hXBJo6i6889rNIFkCfJ5su87lSIJIZmYdRvDeYWRcUQltoF1L4Oby%2FyAwHGRUI%2BQ%3D%3D,ACTIVE
43,2025-05-12,,En Proceso,https://storage.googleapis.com/factudata-3afdf.appspot.com/StockRemitos/5492212241284%40s.whatsapp.net/2025-04-14/Conformidad_Pool_460_459_Pedido_43.pdf?GoogleAccessId=firebase-adminsdk-xts1d%40factudata-3afdf.iam.gserviceaccount.com&Expires=16447017600&Signature=iRgzIzONzhjxA4meCa26wYBUh9HeDbKOQ%2BST8FOE3K2ZkqPwB3o8IN37GB%2FruzIkh003bjclZeDIrTSeZWyQebSW%2BTYPMos9jaMM7wHsjVwtH%2BY%2BNWCRIe3DmoApCgJzyUEW5%2BpnhDvbg7P7K7pzgzZJfwzmqfzU3hkFBbaNAYSN1DmR%2Fnuc26KRDsKEYH43hEPTIBjV1xMSUqpfxwkLKWRkLeDzbbw6xivKpLKpo79XxbTYIEZnW3Lsg0HwufV8UcyWkX2HwEwDKdoCCVCP6D0YVW%2FkgJ%2FhCS4zvk4xkeexLsIrTK2sMLd%2BwqFhIAyCS%2FnIQoXNCG7spzS%2BKvnoEA%3D%3D,ACTIVE
44,2025-05-12,,En Proceso,https://storage.googleapis.com/factudata-3afdf.appspot.com/StockRemitos/5492212241284%40s.whatsapp.net/2025-04-14/Conformidad_Pool_460_459_Pedido_44.pdf?GoogleAccessId=firebase-adminsdk-xts1d%40factudata-3afdf.iam.gserviceaccount.com&Expires=16447017600&Signature=XtJFjMV%2BIxJCKlRhcY4CszwEC1mxbU3tXiDaq%2FI9E9iFAB0hyLCsWQZujYiRAeoGpWY%2FM2%2FDrdK8YhQgzjjMfOthjbaS6NZ70NRaaYGevkhlobKXJ%2BA3TOfCQtxNmQ1i1zZbBl%2BtojgECmF4W%2BGiMTGSiu6PQvM79OL%2BJ5mosvyEka7No65SX6vcVr1ZPUJFS%2BEElK5bgjAW1nGIK5DD8aW0tz2RHQ88yAGs19X5sQlbQa6IWh7ZP%2BiKiMCFyirIc6XzON9DQKJBPjTheD18Kw9RhjUBEvOWTC%2FERCqigczCTNg1R4pfeTxDTg0MOQPqeHpfCJ8bH5dFv%2FwAUAyZeA%3D%3D,ACTIVE
45,2025-05-12,,En Proceso,https://storage.googleapis.com/factudata-3afdf.appspot.com/StockRemitos/5492212241284%40s.whatsapp.net/2025-04-14/Conformidad_Pool_460_459_Pedido_45.pdf?GoogleAccessId=firebase-adminsdk-xts1d%40factudata-3afdf.iam.gserviceaccount.com&Expires=16447017600&Signature=a%2FXb2KMW4gRV54eXqhWmGJ%2B0395wc0kMbL%2BIpNJvWlunnevdvejgWyA3pgIlmsDTZ66NG20KbGtSIn0ymlFGXz0p5Y%2F%2Bm%2FweZ7xncPcDhROSklgiSvQ6m%2FQHSL%2BHcgSdlkAcZo%2BbrSKp3A%2FfZ85XtJWVLu%2F5tuirTx%2FA%2BGOVIomtUgfiwYf4Hhol%2BI4sCI%2BuqJPjnO6TcJ3IkaAuoxrpuWRC%2F2kqVp%2FVtSS%2FaPc79fF3djl2%2F7pDLwcjnHw7kR%2Br%2BbRm3GL9o47WSAKqcF%2Bza%2BpSGY7c2GlYtNmpWfDLsORQL%2FM1Tw6%2FSKsr8ZuCy8t%2F7WvDnlsjm3rE7SboADynrA%3D%3D,ACTIVE
46,2025-05-12,,En Proceso,https://storage.googleapis.com/factudata-3afdf.appspot.com/StockRemitos/5492212241284%40s.whatsapp.net/2025-04-14/Conformidad_Pool_460_459_Pedido_46.pdf?GoogleAccessId=firebase-adminsdk-xts1d%40factudata-3afdf.iam.gserviceaccount.com&Expires=16447017600&Signature=OQXFTbuqYbKjZ83%2B6BtGyRJ33ZBIOPF0gkyYGf%2BHsqdSD%2F%2BJXIp8i4u3cBoo6mDm1k6zbhq11HzaGfzeKr7BED3V0sAThCsjvGjbiuhZ%2Bjxosa6huhWugf85Wr%2FJ%2Fj6f8ral%2B6JqgKQ22CBF6hDXfr6AWoWjV76kyQX7UpHtK69GppX6f2iNyRoU%2FTVrXT%2FOSwZwJU%2F2mk48IAfa3FfLSE1XuF9H6foW8UuBafFW9FrhScGhk8sxhnpbXo%2FQ8QDiTQIpytjhYyO2Ede7XHnDqlBXrjJlXEzWPVy2f23Z32NTvZkk6eski%2F1MxAzh42Zrq0iGrNxQxaXWJpFDb4dw2Q%3D%3D,ACTIVE
47,2025-05-12,,En Proceso,https://storage.googleapis.com/factudata-3afdf.appspot.com/StockRemitos/5492212241284%40s.whatsapp.net/2025-04-14/Conformidad_Pool_460_459_Pedido_47.pdf?GoogleAccessId=firebase-adminsdk-xts1d%40factudata-3afdf.iam.gserviceaccount.com&Expires=16447017600&Signature=VG1oXQu20U4rdmeK7qJI8RVv9AD4NO%2FNxoIe9%2FVPTiYgczxzoDmb2CAw0r7nX8OygJm%2Fh4pGssJm5%2FbCh2RRYMyVRxRG4FXOsGHuGXqdWhlbVqQtVJB852g9y2pj%2FtehW42dKTztYPjvTcg6wrIDuPoW00RkDPVUv3d3g0rH2M%2F3YFSGQsiP29dprDjj1g0C5w2r6B8TNrUQE%2F8Os09TyfZ%2FxPeFGj%2FfT8X1C2X5QJYOWS4ZLTacN8YO8EYYgD%2BL%2BW2jmsOrwxS8zrWPEmC%2B%2FGk2pdcKlUDFLQOctGHHKaeCkpteFQh6Xq87Dp1cTtW0r9IrAOa5VdfVQ%2FelbWp9hw%3D%3D,ACTIVE
48,2025-05-12,,En Proceso,https://storage.googleapis.com/factudata-3afdf.appspot.com/StockRemitos/5492212241284%40s.whatsapp.net/2025-04-14/Conformidad_Pool_460_459_Pedido_48.pdf?GoogleAccessId=firebase-adminsdk-xts1d%40factudata-3afdf.iam.gserviceaccount.com&Expires=16447017600&Signature=F1nNzvkro7jpngl0GU7AlGJQWO3RR6vEwv%2Fb4yoysgPToyTiYpxD93XZ%2F5QJCgJvqqkCR9oO%2BRys%2B%2BruS6tGk4ji6CX%2Bj2IlETBQvX129xADPE1POY45YsfpUuHQl%2BbdRygCBeiP2kVypjq8xsIT9TzW3IxhIeYi0NRU1HYE0Y%2F7MaNJk3diU1MRWOciMtsheqqjPqxOTE53hMmKpDIv0J%2BHE%2FA37JJ6RYRhG9Wm0DvGPmDmAhdU3AXkXT5WQVk%2FSHULTEZ88jJKRQyPEJLgKX7ooSQsAAU2BvSNZY1aWoHpBKMLF8USpxCW%2B4%2BKfr2bF8y%2BBe4ISdtMIu%2FNnZPb6A%3D%3D,ACTIVE
49,2025-05-12,,En Proceso,https://storage.googleapis.com/factudata-3afdf.appspot.com/StockRemitos/5492212241284%40s.whatsapp.net/2025-04-14/Conformidad_Pool_460_459_Pedido_49.pdf?GoogleAccessId=firebase-adminsdk-xts1d%40factudata-3afdf.iam.gserviceaccount.com&Expires=16447017600&Signature=VPjw2Z4GbvtTDtTVRzmlXFuPJQRDiZ8akKYfG2uStWnsv2AGLKiiTc%2BC%2BITX9D0M%2FBdK88vlT2CPy5165Qq9t7q4RukY9hEN6SmGrb3JGrHqlC7Lp5XSQmDjdMXoDKh6QkDDvJDLaZjhPRhN0gzovntk2g6TPS98Q3mhgzxjKYwccswialqblVaNIQDkmYUeKfy14R8gwtHJ7Fli9rr5JernGsubDZDHyHSEs34epm7pX7aXXQFgu4Q5t5mLHsQ7h2qNn2KGTDDHW366YJIrpPvP7tVOU%2FScsCTCI4KOXFW%2FcqfqV9JF5auKKX3WsVM2OaAm6DnxFWersSj%2FzlSAjw%3D%3D,ACTIVE
50,2025-05-12,,En Proceso,https://storage.googleapis.com/factudata-3afdf.appspot.com/StockRemitos/5492212241284%40s.whatsapp.net/2025-04-14/Conformidad_Pool460_Pedido_50.pdf?GoogleAccessId=firebase-adminsdk-xts1d%40factudata-3afdf.iam.gserviceaccount.com&Expires=16447017600&Signature=S8AzBazL%2FrOvJvVBALURlN61sacruuhqubmbCiQmxpIykfKERkou%2F%2BBbRCdHKuTCd%2F2k9wJV3wBmIhUfpZsJcGDQzg4BJxwip3tCw5fufiwytTjfu3Vp%2BOqmY%2FqiX23md%2FDJ1xtXIE%2BqHKJDhT%2F3z%2B21OouuTc2kswNayw1T3ZgFrRC9lFxLvIjkdhW9maN5pfpJ0%2Fl0G0fnN0vs36KI3aDZH4SCw%2F%2BRmCPL3N2Sf7yfmReuWb2bVZQGkfhGBrTq5iLUj%2FhGZSOYCzVZXwpTof%2BJc9frxsywjdWomW7nmSj354B727RKdDZFPToH7vqGAxdmFZqJd4yiqi4Qqxt9qw%3D%3D,ACTIVE
51,2025-05-12,,En Proceso,https://storage.googleapis.com/factudata-3afdf.appspot.com/StockRemitos/5492212241284%40s.whatsapp.net/2025-04-15/Conformidad_Grandbell_Pedido_51.pdf?GoogleAccessId=firebase-adminsdk-xts1d%40factudata-3afdf.iam.gserviceaccount.com&Expires=16447017600&Signature=Q1trlU3xCalJ46UWW8ltxNjbKjsvFtAzGRLBdRXSPw5pax3z7LworLsRkAGc5XXjqO9dzkIylLEuWojOQkmIuGqrvg6GKed%2F9jyt9jZJal1JsGCSkg7Dhlan8XalAgPHAft%2FzkcDnkTzmbMXS8M0eEruNWmy570tdchVf8IN6MVjDHnhUlcLa2IFHHvy2qbICUCaRhTxIQyClADPbpuSieFGPSoWV2ZZ1QEoU3EjFRwK8ZLlE069bdfKC10Ktd2ow10HMzGkn9Cla5yoLnwSm15dY3d3jCagIXUN%2Bt7DZrPmY0d%2Ftd7rIbGmkyl5N5M%2FPGh6dkLO2e2CNfy7%2BJqBsQ%3D%3D,ACTIVE
52,2025-05-12,,En Proceso,https://storage.googleapis.com/factudata-3afdf.appspot.com/StockRemitos/5492212241284%40s.whatsapp.net/2025-04-15/Conformidad_Solares_Pedido_52.pdf?GoogleAccessId=firebase-adminsdk-xts1d%40factudata-3afdf.iam.gserviceaccount.com&Expires=16447017600&Signature=YBMFX44DOmzcrNBdNh%2BodRK4wfMPkgULfrYxo5NccKsEddH4qF2Ocgss8o4kEYLU2IVn%2FpFewKEzKeyGhJClheHrHuCFixVj02Rg5GuppxWhzEUevbnNCNbLUZevVHl1mFEDBUKh0HmDjul5vKZx8nnNcDBT9Xqf4slr58XxP4QgZiQylCfAi9pB%2FUtZKeMAbB9bKwWfuH0S32lzvVdyLp%2Be92e80%2BJwwV3p4G7S%2Fblq8TZ2h6KBuA5tjxMuDs0FBkJUqgsIEwQ6nBzcghGFWy2Aw5Y61v7OtpEmjEeQZ5zk6dPVP%2BrD6TNqzt2GsZ7aNFBFgtycpRic7C%2BXdAWwKQ%3D%3D,ACTIVE
53,2025-05-12,,En Proceso,https://storage.googleapis.com/factudata-3afdf.appspot.com/StockRemitos/5492212241284%40s.whatsapp.net/2025-04-15/Conformidad_Solares_Pedido_53.pdf?GoogleAccessId=firebase-adminsdk-xts1d%40factudata-3afdf.iam.gserviceaccount.com&Expires=16447017600&Signature=Ci5RaB9peX7%2F9Tem6xQS%2B3a9puWPsSneIuBgZj9%2FSAFzgQZHXS5r6LK99dW8pZ%2B4d1JR0%2BOfDT%2BjqmCRzMsdoo%2FUetioEXCzC%2F5Ad8q1nPmhLw2Fqustquf3%2FrKqdg%2BYZ3VzfPvag1S1n83eGkZbuhFV4i%2B%2B6vGkqUt4DglSoVHrV6onRuXJkXD64Od85VVznupnGqFiYNaGGtBtrnI8zbbDLO9wq1IKKRPI4QgplRWsxgxwToICdM1pwg4gUYKbQ9OQM09%2B6xGpQdBgmSYS5oWp6THRJVzCj2JGR5EdF8lQCIkt3S9kUelxyJ42Bx1Kax4tvorEv5KKPyKtoyMq%2BQ%3D%3D,ACTIVE
54,2025-05-12,,En Proceso,https://storage.googleapis.com/factudata-3afdf.appspot.com/StockRemitos/5492212241284%40s.whatsapp.net/2025-04-15/Conformidad_Solares_Pedido_54.pdf?GoogleAccessId=firebase-adminsdk-xts1d%40factudata-3afdf.iam.gserviceaccount.com&Expires=16447017600&Signature=VTxeHymjn2l5ou4I6w07qqWygrxTNlZMwh1popoVWQyUQmfUPKVVL6l%2B2M1AgajKffzhjryZuC%2FWjNI3yXRnUUtumB05t2cTUh1MdIi95%2Bhysgu6BqItm%2Fh1Ek1AwMoIVvFnUGG6hZUI8hvUgA2W71%2BWeWqZ5z2SFxlS1k5W7yfRCAEX33npH%2BdaC9R%2Fg90bWzy33%2BVZme7NvPXe5S1qgpb1op%2BeJLnyYuW6A72PY3Of%2FObWYwETngRbZjQtwd%2F%2F4yLnMBcidw%2FMxG3WlIy%2BbWs7G9EA2t09cPW50cbilAAY51%2FmXbOW0xvy5AnKuRz52%2FFmGPv0A5Io5U5Jkc7UMA%3D%3D,ACTIVE
55,2025-05-12,,En Proceso,https://storage.googleapis.com/factudata-3afdf.appspot.com/StockRemitos/5492212241284%40s.whatsapp.net/2025-04-15/Conformidad_Solares_Pedido_55.pdf?GoogleAccessId=firebase-adminsdk-xts1d%40factudata-3afdf.iam.gserviceaccount.com&Expires=16447017600&Signature=uhQlIHnSDgso6RV4hjdQ4IB22Sq7fogqh01Yq4xC04Zv3Is1OV2r6qDC9njAwXarohu2ygLMNdrhA1Mh08MLftIlSQsXqLF1FXMc%2BF9sDr14rWlszydK9DwhHE0jCG6xj%2BgU764bFtdVTDQQgnJzLt%2BGMXMlFsCHWbTtdDAREaxv3CPZ4oIyGOQWB6%2F31hjG49O%2Bhd%2FuZyIMlC%2FpFVZji4HRf3fR3aXnTFG4m%2BakjhJsZC13vAKpItKoFk5mUhC9U0s8fEGtYP457z0r6VFfMXj1q9nFP%2Bhk4%2BtOvqW9a2cM%2B8ua3N1ttjkAWOWjKuhe4HNA%2BOOkWW9s1ex4T0MVnA%3D%3D,ACTIVE
56,2025-05-12,,En Proceso,https://storage.googleapis.com/factudata-3afdf.appspot.com/StockRemitos/5492212241284%40s.whatsapp.net/2025-04-15/Conformidad_Solares_Pedido_56.pdf?GoogleAccessId=firebase-adminsdk-xts1d%40factudata-3afdf.iam.gserviceaccount.com&Expires=16447017600&Signature=m%2BQspGgj3X90oI0Q%2Fvt2OrBqwGGXSJutUkfX5Tn2Mfk4MtwZCIlrIsc4N4%2BKGgw%2BwP%2Br%2FNn5jw2KstU5ca3rsxYpAxheCqPtQ33EUPsx3SHZD0%2FcnakD9rczH46p%2FqCcbZVLZtIrn7g5anpk%2FMLxqmnljq9XOQeq42LKeiP8Ky8ZI7IuFUoFoMYgriePpj%2FfyazCdqIZFFn0%2FIxpn4wzZPHGuMX%2Fy0zKjwl0vgeQlRPvBwEz4TuXCUddFqyY%2FIdTxBoyFns7PCIPTKRWFiKKL0RQkO1G8WkGx2se%2Bt3QfbPBisj%2FaSkukNtUuSwyUsc38aHFmAK74LuVoQHFNykx3g%3D%3D,ACTIVE
57,2025-05-12,,En Proceso,https://storage.googleapis.com/factudata-3afdf.appspot.com/StockRemitos/5492212241284%40s.whatsapp.net/2025-04-15/Conformidad_Solares_Pedido_57.pdf?GoogleAccessId=firebase-adminsdk-xts1d%40factudata-3afdf.iam.gserviceaccount.com&Expires=16447017600&Signature=AI8IZxBfdAGd16xLbtpyWx9suIFg9B%2Bg%2FKp0BhDV9PWO1EvfFNiZfOCE1jhoOntRiUc8gKdHxRclbBHgtvyVxz2KpTHsJTvyLcMn0lXrKJvr1xy4hxrVCtKj2SCXbtipdhA%2F7C1fxvg6YUU5RL83Bj5dBzer4eUxO%2FoQMlCnL9k4HDyHVyZkvJwbJyCT0RRSUuLRkF9bILrwMamBKRVzVTFhe%2B0%2FSaVKGn7IBSFN6HGqUCd3Zzrcnj9oHLEcoqP72Gm34uTstoX5Sp%2BVqsJRqTDGDvS%2BcqlbHMss4TKQf%2B5%2BT79m0jB9cQMSsRsAjbAcTyr8m%2FACkFi20elHQ9ybdg%3D%3D,ACTIVE
58,2025-05-12,,En Proceso,https://storage.googleapis.com/factudata-3afdf.appspot.com/StockRemitos/5492212241284%40s.whatsapp.net/2025-04-15/Conformidad_Solares_Pedido_58.pdf?GoogleAccessId=firebase-adminsdk-xts1d%40factudata-3afdf.iam.gserviceaccount.com&Expires=16447017600&Signature=ssBRqsxkBHN3ZOH1%2FfkzGK6T7UPw7i24bMCEFdAu84DUHHEM%2FhQ2ZjIwgowTSSmg0QL27w%2BkJ%2Bl5nD%2BGx36icT07rwdWHueJHQYeOYwqRzBrPZ0EJI92MUoMWnRIVQagmSF0NpOMOmnuMPNJcKcGnBQshlaHZuYEKU0zCxq4I0AwzJqbYdqokcpS5R7WWR3Ypv4rVvVr3G1GTBbUX4%2BuKbhC1cJXVJ8VF%2BB2D%2BGdI9mgkh8X6UYDIhGPiCELlS%2F65MfTYDBAEzidRCjwXr7Xn98%2BYmZVt4Xr3NFlyb8QhcrhH8W3XhTx34KkERzPH5twjq3Sl49yFtjc4k%2BKgtasMA%3D%3D,ACTIVE
59,2025-05-12,,En Proceso,https://storage.googleapis.com/factudata-3afdf.appspot.com/StockRemitos/5492212241284%40s.whatsapp.net/2025-04-15/Conformidad_Solares_Pedido_59.pdf?GoogleAccessId=firebase-adminsdk-xts1d%40factudata-3afdf.iam.gserviceaccount.com&Expires=16447017600&Signature=Jc5hB9RBNdBXodK5ZNlUdEPXhbrx9kTkcSl%2FJLZ7gH0VIWn%2FJmjRpYYr7X8Z3fLP%2FFKpSWIjRDT719pRZErk1z2WwOHnrIp%2FWJ%2BB4PIA%2FSRLiKP3Wf0jb%2B8K4Dj8eadcaFuXpFTW%2FiWdeVbfFUU5bWbvBzsl8ivG%2BbsPLycHW8EVMPwHvz4xpI3tMhFIloxin%2BACkZMBCXCxPSQ8ssICoGG53gRGVMfMtjPDJcP4VDip%2Bsiym9xISRJT5Bl4fLvP4IetkoxAKf6a3TZ%2BTZOOkl2HNW8C1h7k5D0CCGHcFdbs0fvGlKxiowabSikN8RGHaekb6vIsrZE1XeStO1zqtg%3D%3D,ACTIVE
60,2025-05-12,,En Proceso,https://storage.googleapis.com/factudata-3afdf.appspot.com/StockRemitos/5492212241284%40s.whatsapp.net/2025-04-15/Conformidad_Solares_Pedido_60.pdf?GoogleAccessId=firebase-adminsdk-xts1d%40factudata-3afdf.iam.gserviceaccount.com&Expires=16447017600&Signature=keyHHw4ZX4ZyP2mWMSSpr0masWDmQ%2Bo68k77JbvitxXhgykpD8q9Cv65Qiid1jTfKDxOqZJJDbbcSUlpRm2fWBK9EUhBR3B2ec8cAW%2BwPHgdpzDSnq0J%2BpLgyNd08VnW%2FzE3e%2F4LYinOqF3FfHiPmgzrO6Gv1Wl1oYweS8iz9CY0VkFZ6w0X708pnbNaUAxQRuIHC7CgFYoI%2F5DmUzkzlSOV5NukYcE%2BP%2F36xkUdZa9qivUpXBendcI5GRcNTsF5%2BkGrZBfb77YIUXJa0Ahhein57I1u46pfqx8%2BRaUR0RYI6n2F0wlyWLTArLD%2FtBW%2FtPF9xCUhjxRNtLygevJ%2F3w%3D%3D,ACTIVE
61,2025-05-12,,En Proceso,https://storage.googleapis.com/factudata-3afdf.appspot.com/StockRemitos/5492212241284%40s.whatsapp.net/2025-04-15/Conformidad_Solares_Pedido_61.pdf?GoogleAccessId=firebase-adminsdk-xts1d%40factudata-3afdf.iam.gserviceaccount.com&Expires=16447017600&Signature=t%2Bv%2FDNyyUiNjPBsr1sKHMtIG6du5tg3gzhEvW5k5%2FNZyK%2Fy0hoo2jlpd3mxWnojFp6d5lrDpsAKH3yDEmzBejqJtCJaVSB5eEG4ZZJZOWEQBIgCToyVNOBmiacFKNjMmsTj8%2BGwFZVo9Txlq495bWUBhvLwaF7mtiZsqG2zapbBbiNp1ypuH2blbT%2B8G7%2BT5VuP%2FygagjXw3Oov6cmR7F16iSHZvJZvY2dDvAbLtA7HFLY%2FlIOSOmq1Ph50NLegQDgXSW56BQPH67dDcuOhZyA9%2FeNjpi92GpOS8mAbqgzhG%2FiXZ%2FZ8wdG1oigEMtHPjXeO5dspI4vL6fcUa7Z%2BYyQ%3D%3D,ACTIVE
62,2025-05-12,,En Proceso,https://storage.googleapis.com/factudata-3afdf.appspot.com/StockRemitos/5492212241284%40s.whatsapp.net/2025-04-15/Conformidad_Solares_Pedido_62.pdf?GoogleAccessId=firebase-adminsdk-xts1d%40factudata-3afdf.iam.gserviceaccount.com&Expires=16447017600&Signature=dW8M4Y2u1gxNusFumRi31TGX4sDwcPDMAbNKSckmNNkJOV0YcJ%2BQ7Jw%2FEdFxz4s%2BwLLJpT7EQfrk3QEikjqv0mAmRZ2STIZ027tUYga4k%2Fm9iE%2Fa6Z%2Bn3Vax0gMhS7hfKjM%2BebNwAneAnfCR5ZlIxiyzsRz11dnEEdMhIseMwnn5uvcBE5ueEsoa5WGMk2NU5uv3N%2Ffb7lCaAar%2BPTxZjIjg11J4sXt%2BDr0dCQ3YFu0t%2Ffsau7WvenQXPRQ2xz4ulj5Afa2lurX%2BUTMLyIa5V5ylb3a6%2FS%2FjWjfKjPI7DS7yXtvW0hRcRZGw6uQly9hShg2IA37CUgcmplXkB2jYQg%3D%3D,ACTIVE
63,2025-05-12,,En Proceso,https://storage.googleapis.com/factudata-3afdf.appspot.com/StockRemitos/5492212241284%40s.whatsapp.net/2025-04-16/Conformidad_Pool_460_459_Pedido_63.pdf?GoogleAccessId=firebase-adminsdk-xts1d%40factudata-3afdf.iam.gserviceaccount.com&Expires=16447017600&Signature=R8Ppwx5Xk2U3vXeogJyNrQz9A8zfeWRwx%2B%2FDrIGgeaxS42NniWRLkTBwgf%2FRdugjlqqmVmbglDA6XS4cjoAZ%2BuUMbJSCSWxUplmKdvGnrJXhojtVBRRWYFydB7rEfzMmDvSVLLB5cg1UjaSSgpFGLts8pY7Dkph9Gv768jfdqDY8WfVjUjwQ%2B4Fiam%2F1KjkfZSD77PzTvqVjEyzvvd0k19HhcMYwvINo4LhUfGVA4wd6ICQv1tUaRcM2J7ZbTJN98QqLbr9DwVgalFgUHy2kEnKGWy8vfpn62%2FebdfVdTQvH19El5H3q7qu2%2BzOBX7V%2BBr3ZpnlF0RK9HF5VmxF7xQ%3D%3D,ACTIVE
64,2025-05-12,,En Proceso,https://storage.googleapis.com/factudata-3afdf.appspot.com/StockRemitos/5492212241284%40s.whatsapp.net/2025-04-16/Conformidad_Pool_460_459_Pedido_64.pdf?GoogleAccessId=firebase-adminsdk-xts1d%40factudata-3afdf.iam.gserviceaccount.com&Expires=16447017600&Signature=VEZ9NRfy9Rgxq%2BaZxiHzJOziBl%2BDrB7pN0nHG1No1iw1g7NAkxCNBrtFlgvqH4bXlSO6BMlMrYyKhvywiYGeAI3cV7gz9ZDxlaSM%2BeKCJ7%2By0XFB8pBkQo8D7OXRVF8kDXYdHZ7r0NIHyxmGR6fvf3wmrBx%2F535XJ3e%2FFRvbscSPtm160eNAp0dd9oEgNOYxZfBi03%2FRu3I6vDu4PB7kR3v2vvbZ0KFV5ISztp%2Brh9xuDzQ1QNsg4EQ3naqHLGckjiFt9WOdzOfm4zc0yXItm2QctUQmRn%2FJDihMvKJ69cz8PBqBIqzTXwCZPcUJ1jThYohixPeHEdfXqVKMu9UXjw%3D%3D,ACTIVE
65,2025-05-12,,En Proceso,https://storage.googleapis.com/factudata-3afdf.appspot.com/StockRemitos/5492212241284%40s.whatsapp.net/2025-04-24/Conformidad_Pool_460_459_Pedido_65.pdf?GoogleAccessId=firebase-adminsdk-xts1d%40factudata-3afdf.iam.gserviceaccount.com&Expires=16447017600&Signature=kNIOzylv%2FmxExqCHtvinX6UW3yT5dqgEvhKgQJj%2B53RnTT5%2FCrlNzFOd0UqRlsRyyR5zyHfIfVNY9nuJD2jkFeW7OaG%2BP8MutCi2SSA7dBuwz38SosW3kcbAOWS5gSKWAQOQgGAG4ATt4VBsrwRE0rIY5kbcpvNetvtBgggWsOD0talHeYEvpLt4r5d8k6IbTOaTEKt926lZLWKLU9aInOOwi1XbYia%2BURdPqAiNVgEhHsMUyuxbXZRkWA%2BpMlQtReRCT0LakAgyFP09Oqfqm%2Ff3dH7AXF6qtvlTzVrVYxXtgQiOTYhCFOPSLXqc8V8jseXOaTNYx3XPmrFpgEmC0w%3D%3D,ACTIVE
66,2025-05-12,,En Proceso,https://storage.googleapis.com/factudata-3afdf.appspot.com/StockRemitos/5492212241284%40s.whatsapp.net/2025-04-24/Conformidad_Pool_460_459_Pedido_66.pdf?GoogleAccessId=firebase-adminsdk-xts1d%40factudata-3afdf.iam.gserviceaccount.com&Expires=16447017600&Signature=IycAzyVKqcV9wlHpwvD6c0Lq9nf2gLp5qUnKR7SICZQzRoctih2CGWJ57hjfK3Tte0sgbEnN72SgTMBC9CadbfUKFVe81AFYZ6A3a69KbXHOcp9RJI%2BHUpOd2DV2DXsT1yZ9bsIr4U4qgkHxIhFAQyzCa2vTyl2qr5sORA8Df8PYsVn6Zbcj8ScD58TlXfMNtuYuepyd0jyyPEEtEpNeG2RcaT1Vy412OFhx7jp90aNWlc0kbOAOvEPPgn5DkJzo0PaFM0xgagnLf8fviuD4%2BuLrIoHsJYAjLXuhmJw1NrouFDg81ZGYIdF8WujuCIhYqvMOqYuIMbTm%2FBP1VLN%2BLQ%3D%3D,ACTIVE
67,2025-05-12,,En Proceso,https://storage.googleapis.com/factudata-3afdf.appspot.com/StockRemitos/5492212241284%40s.whatsapp.net/2025-04-24/Conformidad_Pool_460_459_Pedido_67.pdf?GoogleAccessId=firebase-adminsdk-xts1d%40factudata-3afdf.iam.gserviceaccount.com&Expires=16447017600&Signature=TX6UblX%2By3Qyhqw4WLbbCCrdi9oQqjQeoeopCOvWkR6GZu5B2wYuaz7kmwFJI5%2FlBQHlgZ%2F%2FlFdcW7bvBMFlBKSfIfSounPuC39LCjSGTt4fviFaDiMhPalG13Gmnr9AJCB3K5iYJ5s6nPdxuM2q1Dzej00T4nvXgEBMnMsgkX2dNBJ1tMT6NHyr8ejdoB6U%2Fdsn5yy4cglLgEdhaTWqbub9aN%2B41mLeYKT6bIyb4Qu6rgr4ZWvlKqj5MjOUYVUPxeaRV%2Ffi%2Bk27bCilyYsEFiOIja%2FfDJJ4PsGPlHQur0hPr5uWf51OUKXXbk2mT2xhD44Ci%2FE50atuOQh2dWpPzQ%3D%3D,ACTIVE
68,2025-05-12,,En Proceso,https://storage.googleapis.com/factudata-3afdf.appspot.com/StockRemitos/5492212241284%40s.whatsapp.net/2025-04-24/Conformidad_Pool_460_459_Pedido_68.pdf?GoogleAccessId=firebase-adminsdk-xts1d%40factudata-3afdf.iam.gserviceaccount.com&Expires=16447017600&Signature=lgEyLdrpGqv%2B4XW%2BUQJemr9Xu00HO%2B6lEjK5tDcSmAAQB5zfSEjMg5JNnAUef1%2BQ2EULSFrm9GTcRdETEoo2fOeok%2ByzrqhHxpJwSwm%2F%2Bv84sNcZT23Q6jaoY65DSZym1huPGZ1SUbEJeRdtatn%2FKgTNbXNTeAvpDsSjC1kdgMWGoEZYM8pphUm3o9Oo%2B%2FLn0yzSaplkzaVsP4nipX0aVEFL9u%2F0gtWrihqKtNn%2F7X%2Fcb0PQdqgL72uLeVyLQgQbIfg8Iank%2FlgCB5Kzy0Guaoqxpv7HwOG7N32tIXmACrCE8rXOhbAi0SXNLNnxdi5I5PdQ4kbmY91PVdJrDij6Wg%3D%3D,ACTIVE
69,2025-05-12,,En Proceso,https://storage.googleapis.com/factudata-3afdf.appspot.com/StockRemitos/5492212241284%40s.whatsapp.net/2025-04-24/Conformidad_Pool_460_459_Pedido_69.pdf?GoogleAccessId=firebase-adminsdk-xts1d%40factudata-3afdf.iam.gserviceaccount.com&Expires=16447017600&Signature=gcgi1eViArrJP8zlAXJVaTUgMDdJQslAnHmof8ARaeRW3B%2FOwvrdUIbLouXjGpgX9kGOfClAtJ%2FE6XIgqqamfx2M9xaT7XCklZytCjIu0aCWr0qzW4fHv%2Fw9%2BznCCUuKQKOI4AYf6pLCGwQFe7nqI0K0H%2B%2Ba%2FX5PW9I%2F328o0dbqNI3WYpyAY2oh2%2FJ4%2BhTr5fjp1N1U8F0rZHSpYTFViCNPTY3h%2FSjNd638SSiDpNmbFpGVCq71z12qEqa4zTZwpfZFpWxtVHcppbr4a3KmGJsTgHAJFvqIsFg3aY%2BVeAFCdyZd5VbriOYB4hN7OkmQTR7kRVa7QVJPOCwjRJ3Jpw%3D%3D,ACTIVE
70,2025-05-12,,En Proceso,https://storage.googleapis.com/factudata-3afdf.appspot.com/StockRemitos/5492212241284%40s.whatsapp.net/2025-04-24/Conformidad_Pool_460_459_Pedido_70.pdf?GoogleAccessId=firebase-adminsdk-xts1d%40factudata-3afdf.iam.gserviceaccount.com&Expires=16447017600&Signature=MoPCRvyW0O%2B9r8rGH91QPObGn8gKVieIEpwYyv68LtL4rs8Tn%2FfYmECT7SEYT8ARvy4ScpnSfRlJni%2BLM8P62sWw%2Bv6ta%2FdK4NYLV%2BtYOtt5%2BruZIwU0tUQEjZns4p33Y101ZlNyd%2FqN4kz7J0Vpr%2FV%2BJZgQnLqxKu381KktOtF0UHDasThrwJ6Vmb8Apyy5VJMOKwg5DJYtMRfUGFxiqhQy14Q1NJoCsPkUT41JXb6OqVg259QHKyVJUxZAtqePszqT%2BcQtNvSMUNwS1DUVVKruwgN75pcCIme6LQ8E5bbfu0Ptj9dh56YY3WpwyKYEHUGfj5v1a%2F0Z%2FXJf5sqCJw%3D%3D,ACTIVE
71,2025-05-12,,En Proceso,https://storage.googleapis.com/factudata-3afdf.appspot.com/StockRemitos/5492212241284%40s.whatsapp.net/2025-04-24/Conformidad_Pool_460_459_Pedido_71.pdf?GoogleAccessId=firebase-adminsdk-xts1d%40factudata-3afdf.iam.gserviceaccount.com&Expires=16447017600&Signature=iZd7P0JZL7s%2Fqjo0sGqFMkoClAxqUIJ%2Bd94cORx0zh1jD%2FsMm6w0ikgTynJbGtbPaESZbGoRP9n507P6Xzb6VsxDncP1LCRZv4Q91F0AuLB%2BsdvmFKp5ZDz235z9CuUlY4UNv8hWLBk7BDfC%2BxHH%2FEznZ7D54wApqiwGxnc6IhPvW4GGQC8MP7hBTVzvO739DOGQHc0z6M8xxo8hxMuwo3FpSx9KPYY1Z1EM%2FcLp5yBns88LvfFn42gcJC4OMo2q5ZckrOV0FKEUUdSxqaoUDYK0iMvdt%2FvSLCL6pvJ91GjTuwCDsRtkCgQ0Ly4Etnb4lIJZobJnSrPdjpQX6D2zmQ%3D%3D,ACTIVE
72,2025-05-12,,En Proceso,https://storage.googleapis.com/factudata-3afdf.appspot.com/StockRemitos/5492212241284%40s.whatsapp.net/2025-04-24/Conformidad_Pool_460_459_Pedido_72.pdf?GoogleAccessId=firebase-adminsdk-xts1d%40factudata-3afdf.iam.gserviceaccount.com&Expires=16447017600&Signature=UQwF%2FdtRMmsAoj8%2FFXqDSfuDnus648ZVLySZs7%2Br3G3qp%2Bj3CChygC%2Fg0Refc8Z7rGUm9hl1MSRG01FNlUQTgbi0iK9NmEqBy5OV3KzeumN8Uwc8fYm%2F1kNIFhNoKwIDMBIwzL4z08Q9vxfV8GuNH10GKV560O%2FGg3n9P%2FjGN3l7od2eXFig7%2B2c7vKo83%2B4ooGbz4%2BX3kqOn1ySqAgrHhx2orI2f%2FES2uWJLx76x049MxRDxOvwt%2FPmV8z5Kb04796EeJBksO28qunS9ASMoEY%2Bcwj57BTLjrFLktHtfJxYR54kDcOqFwocuqIf6MNYcB%2B%2Bog24sNR9f3GfMCS9tQ%3D%3D,ACTIVE
73,2025-05-12,,En Proceso,https://storage.googleapis.com/factudata-3afdf.appspot.com/StockRemitos/5492212241284%40s.whatsapp.net/2025-04-24/Conformidad_Pool_460_459_Pedido_73.pdf?GoogleAccessId=firebase-adminsdk-xts1d%40factudata-3afdf.iam.gserviceaccount.com&Expires=16447017600&Signature=mXpplSU%2BirB2cJDKvKMmNDfUzPexklwE4YSOSwkkU7kff%2FZ1%2BbB0H5jzZyRDDvvBAWph1%2BcsDD481DUWSmZqe8r%2F7uFYiSDPNK7HZ6d%2FYMLe50yHBpEWN9mRcOh59P4bVUEqezl6dStWoXqq%2BSHMlstGlue4APSlekK2Qg32FGxpfF6jry8jaMIxZ3s6QOnEa1EX4uQVy4BceMzLkXM5s0xMhjD9kMaJNMAmerxBq5ilq7gYjqbYOsPfR92WOB3oYEN%2FDBcdxMYPPhUveLHVWCWTA3eabd6bCRMg7MYMLkKeaCrtlV7MxCkAOBa8NznUA%2BigmcRJyC%2BB9hjpC58sNA%3D%3D,ACTIVE
74,2025-05-12,,En Proceso,https://storage.googleapis.com/factudata-3afdf.appspot.com/StockRemitos/5492212241284%40s.whatsapp.net/2025-04-24/Conformidad_Pool_460_459_Pedido_74.pdf?GoogleAccessId=firebase-adminsdk-xts1d%40factudata-3afdf.iam.gserviceaccount.com&Expires=16447017600&Signature=c4qR2SqExGRH0ziqb6J6jPaOXmEAl95Uu0m4GgifijUvkAZQEKimJ%2B3AP2QdZ57zH2dQyMoqvIcbJqVfePPGkGmZK%2B3Q5T9eOvRafolrkOgZXTsjnzFIR%2F5E69D3FiY3H%2BpMJHH%2Fs6qfxxUFCXDfwnN5HEaiNmSMZwsii1gjWtHfgPZ9ekgADSvOTg9AuuQQBVz166vS3XRsym8hWeug%2BDm2JSXhUSLUeXUsnC%2BhKva6k43CMrOPF4ScnlfuG0mGDBE1rAt21ZPrKF97ETcq9kknZOO0kdf0uG4xQQMWpNwALvALzDuUThu2F6hqc4wX3Tin7JAeIAwOr5XZY%2Bnkvg%3D%3D,ACTIVE
75,2025-05-12,,En Proceso,https://storage.googleapis.com/factudata-3afdf.appspot.com/StockRemitos/5492212241284%40s.whatsapp.net/2025-04-24/Conformidad_Pool_460_459_Pedido_75.pdf?GoogleAccessId=firebase-adminsdk-xts1d%40factudata-3afdf.iam.gserviceaccount.com&Expires=16447017600&Signature=yQAH3vZNj3zLgY3kO1HZ2qxDA3JtpSSqMNtdRT%2BOdcdE5Hnj9iM%2BD9De0HdGtfhw9hB0cigU4cUNKaJsJDrgLtGtvx4GoituB0EuENqjs0ZlpVDwMOQkCk7aDFUgBHLDyiHWsYpSccOS9pRcXEG8aG%2BpxTN2YPuhBwgvsMRFe%2FLHhKAitpSATUDIdSIzyqxNLgk9ILCQ1sybSwYlxapVavnjscAwwBBMVvbtHCrJO8UiqxwsPGQaMYPiKSWIP6Mj%2F054bGhqHn%2FmFbPjiYYFUx0x%2FWFjSJJeaqvcb4Pde1WmMuaq4QJ35a8SQGbloHWJTLtiRFD06NJoMjBnaANp1Q%3D%3D,ACTIVE
76,2025-05-12,,En Proceso,https://storage.googleapis.com/factudata-3afdf.appspot.com/StockRemitos/5492212241284%40s.whatsapp.net/2025-04-24/Conformidad_Grandbell_Pedido_76.pdf?GoogleAccessId=firebase-adminsdk-xts1d%40factudata-3afdf.iam.gserviceaccount.com&Expires=16447017600&Signature=SXjMkblhbmtd9YVqhf7TwlUjt7phXpviQ4bHyOAAl9gW2E48cxI82fqz%2BI%2FdMaR18Ki7fqkrDt%2FU2GaQImeVWvsB%2FYOUeJtR9VF3P%2FQdsE%2B76geKKNor5qi35fY2muxE3No9c4jtBEOLLlfjc79HV9Ll4nUMnY4Dq2UnEry57rFaPd%2FQqWTaQLRpKhnkMRfd9DPI5NRDZ%2FUjzAu2%2BTgp%2FOpjBCZFFtMBUR6WNXGSi73lxLrRZmxdN%2Fc1RdLW7SdA9Tom%2F9VfsiJVhKfPVzz4QY9H7y5pmby411jHk7rWG6ohxWoBPqE3B46diR367DqwPu92ktYHQuKPXrsDCs6z9Q%3D%3D,ACTIVE
77,2025-05-12,,En Proceso,https://storage.googleapis.com/factudata-3afdf.appspot.com/StockRemitos/5492212241284%40s.whatsapp.net/2025-04-28/Conformidad_Grandbell_Pedido_77.pdf?GoogleAccessId=firebase-adminsdk-xts1d%40factudata-3afdf.iam.gserviceaccount.com&Expires=16447017600&Signature=UCUFC40dlLaxVczkg%2BijxDK0KUPal08n%2BT1xxf8CNQO36q5O0mDE%2BHO9lADm4etBqHZoWHxBkMK5R4J1XAPZhqGIquXTWE2JxURaF8RcTBCLlTJDJFe5DzTHxwdSAHcSfXF4SZYQEYJIKfx70DZsgkGGb5vixQyHJOy%2B2P2uRR1iWlOjTCE%2BYA1lCRul8Ac0YpLYGnmwtt6oQMJB3k537y1cfG%2FwKc%2F8ngVV7iv0robTama6aipX3dilT3CUUvyAcW5NkWJbxqkF%2FMx00je6ClLXUQOgDLeE0i7zFWVIOX6CFrTDTQLYjKyjEwMyFkhHDhDHSxHPIP7IgCGyIBPvXA%3D%3D,ACTIVE
78,2025-05-12,,En Proceso,https://storage.googleapis.com/factudata-3afdf.appspot.com/StockRemitos/5492212241284%40s.whatsapp.net/2025-04-28/Conformidad_Solares_Pedido_78.pdf?GoogleAccessId=firebase-adminsdk-xts1d%40factudata-3afdf.iam.gserviceaccount.com&Expires=16447017600&Signature=AI71yAd7%2B51swOWhZ%2B8CB6FdwIGnjWtiKPJh%2BuuXhqD%2B2%2Fq2%2FcdkdGaGR%2BFQvwmkGPuA%2BuQeihJMBRy0%2F90PaR6kSF0Hi3emTbhNtpsKF7Xh2xNCfzSkSI6V3T63PoupD5bOqMTXlagP%2FFMQBSmSE87IpOYhY17DaVfS45m4zLZY2jMSSE1TyEUiRJfjU58VoqVVjB028Wo4NZfcLaV3oxp0uhLZhfve%2BXGy38llM7FBT99WqUizq0vbfq626mw%2FfjBMKchukbsgwTjjJ0l9Umj%2FRUHnX4WwDbLAuNU%2FHWUE6ppn31aoSjQei%2BYBFxVmUpFncVFymiNp6zG1EJ97BQ%3D%3D,ACTIVE
79,2025-05-12,,En Proceso,https://storage.googleapis.com/factudata-3afdf.appspot.com/StockRemitos/5492212241284%40s.whatsapp.net/2025-04-28/Conformidad_Grandbell_Pedido_79.pdf?GoogleAccessId=firebase-adminsdk-xts1d%40factudata-3afdf.iam.gserviceaccount.com&Expires=16447017600&Signature=GIYlYchmkmf5ViqEKygZT1A5OjM6KTJ7Vbey5iB9BOOmyiZZb9af2ecbny9SUSI0xoqqYr5ZXnFcLqfWuV8WJfGXc%2B7CO6rqmccuS250BiVRmfz%2B398%2Bd6th5Gb%2BPzxBBz26iatri%2BLOWn1pCELrOw17%2FoknF65a1OtFNTen6xc6HKu5hXfvYwqJfTKI9k%2F5wsWoMfEUGZ5RSU6EoOo1vrKE7KNyXOa6vbLdnK4k5nNnOl4Ni5zOrpTf59MEydhaeYrhmZssWkBQKrxPr3FhlQxoM432%2BKgCakD2EQWX5D1CkRW5TN2DnUE%2BCB5YHaV8dPPIxyTYiw9WibKMFJpUrg%3D%3D,ACTIVE
80,2025-05-12,,En Proceso,https://storage.googleapis.com/factudata-3afdf.appspot.com/StockRemitos/5492212241284%40s.whatsapp.net/2025-04-28/Conformidad_Grandbell_Pedido_80.pdf?GoogleAccessId=firebase-adminsdk-xts1d%40factudata-3afdf.iam.gserviceaccount.com&Expires=16447017600&Signature=z6aLW9m9%2FWIhc6LNjSC6kjBRHmLpG3y0uoraE9gDMrEq35G1Vm6lLvk%2FCOfQlDcQZBZvCBC0juyyUNhFw%2FbLL5XVn%2F8lu5%2F3Ljr092jyBvyVj3rvqeQdCK62a4J1Z1oP7RHiAsL7nLgK9wxs8DdR0wTV0U1qbrTu4V66U8w%2FIsTMy6LKzBx4PpL7Hpk2QMl%2Bbk8AQCl%2BdSPIvMGt2EgKJhXZSc1Hjjj0trMkOthA1jamd3vcXypU%2F6w7JOfo1tfhKZ8c7039m487AFT5Xx%2B0xeGAiCJQ2MmxUkqr%2BiC9TFGJdldB5ylCvnaU6V2%2FwfnAmxw%2B8H7%2FZSGFF7Arx7IpAw%3D%3D,ACTIVE
81,2025-05-12,,En Proceso,https://storage.googleapis.com/factudata-3afdf.appspot.com/StockRemitos/5492944243136%40s.whatsapp.net/2025-04-28/Conformidad_Grandbell_Pedido_81.pdf?GoogleAccessId=firebase-adminsdk-xts1d%40factudata-3afdf.iam.gserviceaccount.com&Expires=16447017600&Signature=cteE0R%2FY3pG4CMiGPXRVpAnzKlpyuSgXj5UUVTJTnMZw%2By2PPQN5zLMWzcSMB3wHNMPLQtQGWsheme%2B4tHMUihwiAVLBDb3t2cnHofQtjty8YjtGcvK7DqkbPp5z86Gg03LaTUKaaRhLkOmY0iHcyrknAijakZTfmDPxX1AiFAGPM4I8NNtPW5TbzUC6izq6N5dcaFyOFNRN2QlOBT1XuBh16Zhqfr0dXFoNZlJEctRMFtOMAPHn8F%2BM%2BsxI4gK8Q6eNJzYhHrw6Bwe3X8W5PAS10QZQZOqMQsKWCoUcWPu5hw8VfIlQGFB4K6J%2FZ2RVk3QJb52kVNb3uU7Ev4Ij%2Fw%3D%3D,ACTIVE
82,2025-05-12,,En Proceso,https://storage.googleapis.com/factudata-3afdf.appspot.com/StockRemitos/5492944243136%40s.whatsapp.net/2025-04-29/Conformidad_Solares_Pedido_82.pdf?GoogleAccessId=firebase-adminsdk-xts1d%40factudata-3afdf.iam.gserviceaccount.com&Expires=16447017600&Signature=GF7F7IIyATtqgGT9ULBJYSRFrDnl3FVFrQ1LBVdNKYrLl0DyZnkvuGPkn%2BYVjUAFlazUZLC9PZzMBmP%2F%2FIKaOnbb%2FblFoWzgSUpu9bmSSMefHimZdNTyB9%2FDH5qaSJ2Gn2Q8tmO1RvdM0pdc%2FXoHXj6caDhZBxUSDuFs5CWq5pIO1KHh5QtuebAqUBpm9GxTmWVoRgp4YkZWGQEHeqvKumduTRCT%2Fiz3%2BZs9DwPnBKOzsFfrINvwncnAJJV8y7nEuyUNENbcW2V3CtXiP3p0JinVkukfDM5ba%2BmAclnILqFwN0Hw63OC5Sbp0xSKjGrZf%2Bg50B%2FeNK6tv31%2FOV3gyA%3D%3D,ACTIVE
83,2025-05-12,,En Proceso,https://storage.googleapis.com/factudata-3afdf.appspot.com/StockRemitos/5492944243136%40s.whatsapp.net/2025-04-30/Conformidad_Solares_Pedido_83.pdf?GoogleAccessId=firebase-adminsdk-xts1d%40factudata-3afdf.iam.gserviceaccount.com&Expires=16447017600&Signature=Xtt2A22v7DKfjYQm8Y2aFtMzZ3KIEUUgpxE6UhrDV8UZaNW5Zt0v3%2BCLOvbas9jCmecPRcw9LVthhCHqN3PQxYpi%2BK%2Fm0YT9y0jbXcCEPFTYPllK9jx7WTSBO2ftwl9zhYdalaf4%2FGjZXcKCusmRtpkNUiiDra7upBi10fuTAe5%2BdceYF9Y48JdzZ7IHF%2B%2FcmP8bBwynT7vm9YkE3gKgpFg6Q2dzOhqwtac14DrkeSp3guVCn%2BiGDCKCE7GvJtqhHRYls8%2BetHRZskR1YdSPwJMw3sPUPgsrLoEcxdnC7PltEIrwq3Z3A5Cq7zf%2BRG1zhgl64XfLFBacYutbM6S2%2Bg%3D%3D,ACTIVE
84,2025-05-12,,En Proceso,https://storage.googleapis.com/factudata-3afdf.appspot.com/StockRemitos/5492212241284%40s.whatsapp.net/2025-05-06/Conformidad_Pool_460_459_Pedido_84.pdf?GoogleAccessId=firebase-adminsdk-xts1d%40factudata-3afdf.iam.gserviceaccount.com&Expires=16447017600&Signature=Je2dR5RJluhlpKmqxdHDf3xqv6FRn7QgubsBFVDewbweKy%2F%2FU11498mjUxoT1lX7936PIqxpn8vtxZoktkRxZfHOX0zKM2w19%2BD1w2EZl9jQoqoijOLagVXgSYZ14Khktgpw4DyVLSYNf%2BKosBAA%2FVOs8hOKOU5UBunuP7szpK18jaAkEqTnVBHKxQ9egSJFd4dmcUe5KDebt8dreOKM2HeUx97tqN6XeVVYpiy6q31DD7xXIV53gayeywKTWp85ixrfNQjB3fRsKpSmeWSx%2Bg5KssfUlo%2FXugNqAuL0%2FOKMLWAzpxO7wHLBP%2B17Mlp7KTuZsB2zd3zWzb1Pc%2B5APA%3D%3D,ACTIVE
85,2025-05-12,,En Proceso,https://storage.googleapis.com/factudata-3afdf.appspot.com/StockRemitos/5492212241284%40s.whatsapp.net/2025-05-06/Conformidad_Pool_460_459_Pedido_85.pdf?GoogleAccessId=firebase-adminsdk-xts1d%40factudata-3afdf.iam.gserviceaccount.com&Expires=16447017600&Signature=fhWdW572W4iFLtGz%2BTbKBtc6lIQkUcGhI3bNif%2FX1fMrxKFppTn27vBMnUwvisTY%2FS%2BWcszuzTRnqSnLuaGfuIoPcrcQ8N6Z3quddMSSuQMsl2mNFpwF0oTh%2FujIDs59uFj19l9Utex5Aa%2F7mGMvNN%2B%2BBxnC0HE5v4Id6IbZIby%2Bep7oHs8w2AVVRiVyICDTIl8eQCVMjCkVB6OO7%2BlGNIZTIaZHbYcHNtOD9EIj6T3GbDlUGYwgSrTH1NUPbzNgFWIbeqyTOFtB2jS0jt%2B89xNfJrc6P6%2FgjbKT9cyRglo7VRyI7lLdYThERZmzdFPl8FsMp9UkW3t1M2P4T3ggxA%3D%3D,ACTIVE
86,2025-05-12,,En Proceso,https://storage.googleapis.com/factudata-3afdf.appspot.com/StockRemitos/5492212241284%40s.whatsapp.net/2025-05-06/Conformidad_Pool_460_459_Pedido_86.pdf?GoogleAccessId=firebase-adminsdk-xts1d%40factudata-3afdf.iam.gserviceaccount.com&Expires=16447017600&Signature=Tu4SOz0pFYTTWTbKx5Zm1pWowYNxsTO3rysEklqCTAaadHptSkWU8zcACz5T5X68Iv%2BXyTb8GPF7RiGmR4DaKYa27Si3bBuUndTWO%2BW9x%2FeeZzmg893UNm7KxgNTKg1vSxO2I5ilyJLBPus%2FugBoZWbvqZ54yK89LpsA8lj4MYAUvUK3qFLn5kEMqpDo9POsDtQ71AC5XXElVqNajHnZ7OVjtHHlsVVDkqHj8H9p3gg%2FGMe1A40RIcTQBAte0%2BLcrBCR40T%2Br6wRO9YydJf%2FCXbmLc6oYGEb0QFNGSTXYYeSUdcWEpJeGGsrY%2FGExNzGdmkz0oEhyrOJ16oAT1zmZA%3D%3D,ACTIVE
87,2025-05-12,,En Proceso,https://storage.googleapis.com/factudata-3afdf.appspot.com/StockRemitos/5492212241284%40s.whatsapp.net/2025-05-06/Conformidad_Grandbell_Pedido_87.pdf?GoogleAccessId=firebase-adminsdk-xts1d%40factudata-3afdf.iam.gserviceaccount.com&Expires=16447017600&Signature=M96KMDdrrBbziIf2FNpFeDXcn5WVQBqtHDzJbEZwePkLCv9LVEFRW18crGqXuMXXKDmHLQiQ3fPbWZWSyKfvMIVRyRoTgJGYal9TPeSBUDOe%2BMl6NN5l93CPGuRKF1DTSEGqOUcK5%2FlwlaxTEBSuH3eVzMqh2qbdKyH6AcCRSZdMuo27CVCrXmGTvPovF0Dcf49OBZGWOBSBULjV1XL7uwXJIRE6rU%2FUyc8RTnbT9vmZZSCz1fEWpMwzGVhCD1HkW9eW1kdYHY0wsOaC3fV1Ku%2F9aG65CKLtVdzDW7pecqKYCpWk4SIT5e%2Bao0%2FVpAYijC5DMasrrebGTcHAV3NwDw%3D%3D,ACTIVE
88,2025-05-12,,En Proceso,https://storage.googleapis.com/factudata-3afdf.appspot.com/StockRemitos/5492212241284%40s.whatsapp.net/2025-05-07/Conformidad_Solares_Pedido_88.pdf?GoogleAccessId=firebase-adminsdk-xts1d%40factudata-3afdf.iam.gserviceaccount.com&Expires=16447017600&Signature=WO78jqNbzkiCb8Y6tG2VI%2BYVi%2Bk%2B052eLbEyFGJHvvi7C5HX%2Fq1bi%2FqYGrAfh9M4NkzrXzb1JKKkR%2FbGt8lK8V9yhs4D8ln573z75aqw%2B%2FOl081Q5HSS3LvfTkLC8KQO8LpmLUZrF8kErLEN6hmQR39V5m7vdsl0qgBa4gR1emYBmbAxRUZUxVCUGxyxkrthC%2BsnWzsq1n4YornU1NImzmWfAcuC3Srr1DMFOGEi1UUcPxDDucz0cda0%2FXkm%2Bc0eRDzl6imKO7YjgHSON9uLlADAgSRpgwK3kJMHsfV3w0QtqHKOhf2%2BMAHYwqUztGXMIFqWdmzfMjXzxDcDdl9SwQ%3D%3D,ACTIVE
89,2025-05-12,,En Proceso,https://storage.googleapis.com/factudata-3afdf.appspot.com/StockRemitos/5492212241284%40s.whatsapp.net/2025-05-07/Conformidad_Solares_Pedido_89.pdf?GoogleAccessId=firebase-adminsdk-xts1d%40factudata-3afdf.iam.gserviceaccount.com&Expires=16447017600&Signature=WUy03Sgdfh8dQRDfXu8Qs0w59ASV3U6n%2FVMmJwNvVYRdndI5ASTrwlW1eY7dQEimQoonKa2j0pLjBfD4VAXi93Yd0eB0Y96qwNW88xZ3Q5TVQYl4q%2Fm8LVsDHWbZ%2F8VAQ%2F9gWyKxpkzh74XOZZOpRi2MamMut2vsPmUqNivGCuT66vzjyuzroEc7Yx0Pvhz0oWKNvHRiSnGFfobbmgdYKGe9v0YCHfpUR1xxsefR42%2FGBSDUhbBPNy%2FuY24DOFSvVzeyAqbM%2FkGnZ0raL%2FoRaSdQXFluIlE7BxL3ttn9%2Fy%2FQfL3yRNg6sHZ0wKjQEzSencXEmJP%2FCv8XHvYDJDp7qA%3D%3D,ACTIVE
90,2025-05-12,,Aprobado,https://storage.googleapis.com/factudata-3afdf.appspot.com/StockRemitos/5491149380799%40s.whatsapp.net/2025-05-12/Conformidad_Don_Alberto_Pedido_90.pdf?GoogleAccessId=firebase-adminsdk-xts1d%40factudata-3afdf.iam.gserviceaccount.com&Expires=16447017600&Signature=qBcE%2BC5NLBtyEopMhgUdvvEyCcNJmuH6keB7qioFvcXCC4e4AijAD9bfgPgyrF%2F3rkNSv1xK%2FWNs1BpouiJE%2BNRnyjOGo5n3h4c6RHBZhluBV3nCxrFIIIAU5p53dGQO6EVnOAd3VFrkeCtuHOsXKMcwL9aUHS4GGVhShBTDlmendiyII%2BNG1VDeDCLYHQAhwHkmcAMxvmvkxa2JRccYqk4Y333XZWm1PK06sWihLpChTy7DjUgFIm7ABk6pNLdxCTjw8BQMUfO7XaJa0Pt9rLBzBx4W2dowiJ8hsqfYauuYmNhUT74WDqgbwMz5knOMEqrVIzjGOoi2BJujCwKi0Q%3D%3D,ACTIVE
91,2025-05-12,,Aprobado,https://storage.googleapis.com/factudata-3afdf.appspot.com/StockRemitos/5491149380799%40s.whatsapp.net/2025-05-12/Conformidad_Don_Alberto_Pedido_91.pdf?GoogleAccessId=firebase-adminsdk-xts1d%40factudata-3afdf.iam.gserviceaccount.com&Expires=16447017600&Signature=m963ExD1JgQXIQKy0eBkYnZKjOhMvL5bwMUECTjuN8HYFKtanMyCDTsB0DmhKWVJdcHgqYehLMm7%2FsT5z5gGI0Eoi1cLpBpj8T4%2F83wcyEaasoo5kOGAhGouU4eH4gzxXLKILkgqxFzscsNDafjpYnbZSyJC4SzMV5tsfL2etPFpyB%2FvF9VFhcDjuN3VMvQbPktjGnzETuMVoHY5mtEHmo5tyEJSblrZK7EapJ6LZIw9NwslwXXkQKcSQzK1NZVN8m%2FGlvrIlhVDrmgoO1lVbuzQEjPKmgLVXTnSRIKuq%2FalzoU35DXjFWo5Dvu8Mpt5gG1Gj5NcWq8u1ww3t%2FVtfw%3D%3D,ACTIVE
92,2025-05-12,,Aprobado,https://storage.googleapis.com/factudata-3afdf.appspot.com/StockRemitos/5491149380799%40s.whatsapp.net/2025-05-12/Conformidad_Don_Alberto_Pedido_92.pdf?GoogleAccessId=firebase-adminsdk-xts1d%40factudata-3afdf.iam.gserviceaccount.com&Expires=16447017600&Signature=dqJ9g2kKCfLWkNurE3EhGTf8fnE5yKbScVwAZqwLPKo3xhEFzUjI88JSW%2BQd92J5b4Qni247FXlgm%2FT9IAHVlQcoC3kfS4B0WwRyJnomdnMX5znz475J%2BKOdSGmIrhR2FghQV0oEVDMVYmQdNooTNDFDjFiK4OmIOut%2BAB1b77KrDDcgqu4nXLpV8numJfFKu4bj0TpZNG8WkZ5bJhYhhwb5pUXupYoPlS1IEJONcZJL%2BLC97c5UdZ39DVmUct3V%2FqNecWOZhXe5ciaWY1VNbb3NCJZgtUq7qOyuFwyrlp6W%2BXyIDAjqC2%2FsiB0PalXoY3Q5HE8YCmJNTgIstkFWrg%3D%3D,ACTIVE
93,2025-05-12,,Aprobado,https://storage.googleapis.com/factudata-3afdf.appspot.com/StockRemitos/5491149380799%40s.whatsapp.net/2025-05-12/Conformidad_Don_Alberto_Pedido_93.pdf?GoogleAccessId=firebase-adminsdk-xts1d%40factudata-3afdf.iam.gserviceaccount.com&Expires=16447017600&Signature=UjbHVKmcHFPlp0j%2FqJcHKnrciLUQKAbNEsTXuD%2FWsfM0hWqLluF6%2BAtAMJlT%2Fkt8Fz2sN7MNMjVkgvQIrDlftuQoXBPyKS5rNWX4uVt9%2FmWyVVUJwc1IqflNQWCqzjE9sFBH0dlYxtFOiLA5v8dnV5PF2E7JDzkhCx7yEEXCsAFmIhUUN4ttSlATW8Sy59fKEZC1EoQpRJ9eYBf6H3qGkyVS%2BaqlBcIuq7nQjBwrW7HPXd8atoZgOTMCatRs0VcfA3NCE9tsmTCnEFVtAgvsob72SBKjgPLY5lJ8%2B%2BS0zFPoi0ugMLd2%2BuaxLsXopP5HlVvZ9fhWi27luC5fYeNLug%3D%3D,ACTIVE
94,2025-05-15,,En Proceso,https://storage.googleapis.com/factudata-3afdf.appspot.com/StockRemitos/5492212241284%40s.whatsapp.net/2025-05-15/Conformidad_Solares_Pedido_94.pdf?GoogleAccessId=firebase-adminsdk-xts1d%40factudata-3afdf.iam.gserviceaccount.com&Expires=16447017600&Signature=ZNXBeOjCmZwDM3c02iX1ve1OUBRG6SwZHpP0eZctzBtNRppzUMJW1oSCcbzuP0Vp62JEvOKoCuGBgKeL9vcPMEofDoqpWeIllKmcwElTfMquFvDQJW1R8Ky6nc1m4H5hbK0luMVEaIjnP6uBpeZOU14DKq4tL%2F%2Bw8s7d%2BcIR4QoRch85kfcNmOeGebuhRMxhVMwG2BJQcSGYI5DwcSlvzVPYwRqNVNDeC%2Fq0zGKhZdUsvtxRvzNvRm5vlkQZdn1pYdxMS%2FDi%2FLCfgXoN8ZNW2UJh58P88MDoVWab7WuKmIgjmzY0KnDcCodC6V%2Fx%2Bj9hPGVCuoR%2BqZXabieGxvAmRQ%3D%3D,ACTIVE
95,2025-05-15,,En Proceso,https://storage.googleapis.com/factudata-3afdf.appspot.com/StockRemitos/5492212241284%40s.whatsapp.net/2025-05-15/Conformidad_Pool_460_459_Pedido_95.pdf?GoogleAccessId=firebase-adminsdk-xts1d%40factudata-3afdf.iam.gserviceaccount.com&Expires=16447017600&Signature=Tub33TTQj9Aq9z7BU0RM4o%2F%2Bs3AYSpZq6F6mStVg88eqh80lpDU01xRL0QIU5oWUcXasRzKI%2Fro5GS0zERaEJ%2FH%2FD6uU0fE5sEqGkLUuroHwUa6NgQeDPnttd2RMKBnZ6LJs8enWIn0RPHGQBigebOY8Y6B0z2Ah8IlUGa1qiBaJn7xCbOf%2F07akXNrf39Kw0jN2wrK8B50dyxcu%2B94t8g9xq47xo60TlCggbJ2N7IRcd9%2BU4%2FWpYzn%2FDnpe21zYvn47DGwJ%2B%2B%2BTzUDRIjhfooNDPaZfQHLG5wNU7CIH%2B8kG11wGkD3BH%2BHCMzLaaQReMCkfPkd9z1nePeRy5dv0qA%3D%3D,ACTIVE
96,2025-05-15,,En Proceso,https://storage.googleapis.com/factudata-3afdf.appspot.com/StockRemitos/5492212241284%40s.whatsapp.net/2025-05-15/Conformidad_Pool_460_459_Pedido_96.pdf?GoogleAccessId=firebase-adminsdk-xts1d%40factudata-3afdf.iam.gserviceaccount.com&Expires=16447017600&Signature=KipVTjzRGTWyY13awLXcCpw%2Fk%2FIre94PbnbrvQLK264MrvfsGuS2aOwApinRu8e9agY5EfBocXczQiwog0bUHDmd9Qy8Mro3PTv5%2BuBZnH6tVf%2BKayvR6tBN2CZ1gDYptjDdy05%2FFe9mmaRP8z4Jjp%2BctPGg%2BmzAePOgYWRk9bCaRLFY4q5Dr8urfT9soMD3UoFU%2BTb4xmZzT3qFczXjw%2Bdg8H1vyWEntfVtk2xZ10A21JRq%2F6XrBcPOVD3A0QxKMf9O0E%2FMPqmhZnsa3%2BOVaRiRaw7gllMOKxTL4dUQZcNHRZAfoW4HPfLkmUJqRAZvgBeH3N13LkC8BdIzPB9iPg%3D%3D,ACTIVE
97,2025-05-15,,En Proceso,https://storage.googleapis.com/factudata-3afdf.appspot.com/StockRemitos/5492212241284%40s.whatsapp.net/2025-05-15/Conformidad_Ribera_Pedido_97.pdf?GoogleAccessId=firebase-adminsdk-xts1d%40factudata-3afdf.iam.gserviceaccount.com&Expires=16447017600&Signature=WqZ5A19VVC6bfjkm0M2eHBSidwBk%2Fgcl4%2F%2B7N5OyhULqWUD5Z6959jIMQG8%2B51emk7VWuxxknlh1Dr77XJXchCAzoZIUrKGK8eIeW7ckM2ZG3%2BZJ%2F4VO9YSn0mX%2Bh09%2FKHejhrq9z5wP%2FIknaB52bhuudIo32qRZQXoszDUoEg5Ub9YZ3lC8cUmxa7qLJmd6nmo8k06REx8v24OcSTRuoA4Ge355p5aNrGbpXgLuopX0p3WVB5OsQeBGOVTFj9vWWSujf8owxUstBcVaQ1VLBHG3E4UoOYQJIP7wRY%2FtWy0%2BKVe%2BIWj8OPmG60MqkOfMFGxb2dLgewHZVoEdfTywWA%3D%3D,ACTIVE
98,2025-05-15,,En Proceso,https://storage.googleapis.com/factudata-3afdf.appspot.com/StockRemitos/5492212241284%40s.whatsapp.net/2025-05-15/Conformidad_Pool_460_459_Pedido_98.pdf?GoogleAccessId=firebase-adminsdk-xts1d%40factudata-3afdf.iam.gserviceaccount.com&Expires=16447017600&Signature=DrK7NlsbZXLV7nES0OGiTRRffcwLLGGs0WHIVVm8GR%2BI0U2HuKviTNhicuAInOIR%2BpHy0g4RdXxDpqJMc%2FecV7rbISy4RKMx%2BxLMklDkhPyub3%2Bu9FP5ZAjz%2FYzB9xGm4mN8LAjR0fTAQ%2FghEcso3gqmNi2gMMsB4c2gQobqQfnFYNagha3XFWVOYNHRUNv6BQ5uoWMbl28a3aVsF56gWGUV%2Bo2mBa%2BdZmESgRvEZzEKLAzdw%2FAVepR%2FMxBfE5X8lhf4kmucPl5CC9z80OuIubAG8MVtFU%2Bcs2w6VzWZR%2Ft5E7TiYIU5crVQVgE0B2SJmRkHY%2BYWprvSNnf%2FdBilfw%3D%3D,ACTIVE
99,2025-05-15,,En Proceso,https://storage.googleapis.com/factudata-3afdf.appspot.com/StockRemitos/5492212241284%40s.whatsapp.net/2025-05-15/Conformidad_Don_Alberto_Pedido_99.pdf?GoogleAccessId=firebase-adminsdk-xts1d%40factudata-3afdf.iam.gserviceaccount.com&Expires=16447017600&Signature=CsuRhQ1%2F2lqD0T3hKOCIH0aojvj%2FNFfdc3vkOxemyeO%2BCaw3TgFaTNb%2FrM%2BeQtut98x1IW96ruhvsBiZVwC3q5hn5NqSaqS4O4GLY9jjrFejAtb2872lSHaPaaU0icJ2VEoJYDWHBMtDnDMktkuqBLG1WxZSFgB3NB0rEd2CGW7lqlY%2Bpc3QkIyORsr9QneGwQU85g32Jf9fYTRJj02fbIySnsRcmThk3Cwbwhd9D943CBDJvtwhSTAIV29%2FnMmqvzyN84p2sGm82pAH2rrwrO0Da2cq1UYq3Hq0%2FtiEMJQho2Q%2FFA3j7P%2BH5jcIlcr6fHDCoMZdaRdvzuCN02maew%3D%3D,ACTIVE
100,2025-05-16,,En Proceso,https://storage.googleapis.com/factudata-3afdf.appspot.com/StockRemitos/5492212241284%40s.whatsapp.net/2025-05-16/Conformidad_Grandbell_Pedido_100.pdf?GoogleAccessId=firebase-adminsdk-xts1d%40factudata-3afdf.iam.gserviceaccount.com&Expires=16447017600&Signature=vsHwoXAuWAhxWGKpofN8b2EBGK%2FU7O2xCQjqQYikjdkMqSqtD0EBAyz4lDYpLDy3fDrowQ0dmk1cwHtWWNuzH0YDZmNqLXM8clGA5RtQQZUA%2B79AcKTlh%2FYp%2FzuyGsund%2FRJckCIpFZwwN%2BTosnenuT6W0X6yC7iNaQE31TL%2BPGk8UEqXJEKUGiXZUvwGqi50C9ioPcUVARlJ47TLA4wry616ojuk%2FOTY9hx6FJ3x15w6fwlxmp%2BvvMJmYvEB3dnPeEneaVlxrhoafvZ1veQ4JYFnmc8vjxebKx0tbuhfqYwSRIFqyI7ob6gH057x8hAiO9M6J5xLtjJi6QYyBDzGQ%3D%3D,ACTIVE
101,2025-05-16,,En Proceso,https://storage.googleapis.com/factudata-3afdf.appspot.com/StockRemitos/5492212241284%40s.whatsapp.net/2025-05-16/Conformidad_Grandbell_Pedido_101.pdf?GoogleAccessId=firebase-adminsdk-xts1d%40factudata-3afdf.iam.gserviceaccount.com&Expires=16447017600&Signature=RlxGnivg5%2B9tpEzekAB9YOIrjP33BRVTx8zcvr299I9NdWtsT%2FMjHRIiQvm7fniElMJm3w8AD%2BdTkySlQ7H7pwEa6X5SbPQIk9Aecxkqrnll3OGkdsqY1UQlHWuzeLAAelU0jW9nMI097KnfYfS3A%2Fo5RlGLbJ5j2xo5utZf%2FVmTCzoa7K1%2BA5O%2BRrLHJ270u1pqio4hcRhD7kHludOLGhXoJarH%2Fz0m7xTbKmWFagxduMf506FG4z0OTU6CxYbKS2i%2Bh2UL7XWsZNahtBFjmf8ikzJ34WWam%2BrRAlCsY5SoDNWEnzqvVxTPtg0KRKBOfPM4id8dSzh8buKEhnHhxQ%3D%3D,ACTIVE
102,2025-05-16,,En Proceso,https://storage.googleapis.com/factudata-3afdf.appspot.com/StockRemitos/5492212241284%40s.whatsapp.net/2025-05-16/Conformidad_Grandbell_Pedido_102.pdf?GoogleAccessId=firebase-adminsdk-xts1d%40factudata-3afdf.iam.gserviceaccount.com&Expires=16447017600&Signature=mPUJg%2F%2F5Fl8HytTuh6YIO2AG6L5idLjGcwuvWIkgQEAkwLEp1ebQ%2FqMarv9xVzh4rMvFURelaYjMYBayxwpMPkuXC45bF8AjJTdV6Ye606yWB6b1BMNjXNQxSWMeXKwAuXdnqw5Ei81qM2wVq3CTeIS4SADeZztHysNb2llvw1FhobV5H%2FeloPwzRAIOseyu2qS6O1uxRQmzSnmlOtPx7aevd0t%2FXixwpDOu%2B3%2Bs6mN2m4w8T6RsDDV5oCr4EGQKGEJhrIh6aqSGKyAbFLNbFXu0rT0NqMzxyTzGOKgYTSr5vAcOLR%2B%2Bl9q%2FQu6%2FA2bPTMG692nsGsd2G965Hbf8KA%3D%3D,ACTIVE
103,2025-05-16,,En Proceso,https://storage.googleapis.com/factudata-3afdf.appspot.com/StockRemitos/5492212241284%40s.whatsapp.net/2025-05-16/Conformidad_Grandbell_Pedido_103.pdf?GoogleAccessId=firebase-adminsdk-xts1d%40factudata-3afdf.iam.gserviceaccount.com&Expires=16447017600&Signature=cTvpMAPv7z9072APyNSxynvvLMx8mQznTJ%2FPLLKNTJNLe4Yl86dBq8YmduOrwqFAPBWQ4BqKClU%2Ffuakv%2FKbyPEK7oolEFvfBSBjpQXJVvVL6bJhS1MEJOJe7VJhDUAVpLzCVD00jrUXgP8Tc9V3B8xmN9Ebku%2FV%2Btvqg3V8pP23LY4oNF%2FEuByo1yiEq5DzzI5b3HF6k%2FoHcyiZ5fws%2B%2BDPOT9KqsUfrKhUyiFDDO2PG7w%2FAVxQz%2BXcyPoUWe4Yod1%2Bb3FRaUB1tHIa%2FWTQS4yyHAYC6b2Ggir4jnUkDOtbIVN%2FmYb8KuliSDFFnHLqpB3DGOOvH7BRp5B1sKx%2BZA%3D%3D,ACTIVE
104,2025-05-16,,En Proceso,https://storage.googleapis.com/factudata-3afdf.appspot.com/StockRemitos/5492212241284%40s.whatsapp.net/2025-05-16/Conformidad_Grandbell_Pedido_104.pdf?GoogleAccessId=firebase-adminsdk-xts1d%40factudata-3afdf.iam.gserviceaccount.com&Expires=16447017600&Signature=KoynAqpz1b%2BHXhUt5IdMPHGVwCXjBQdDoA%2BGDA3XqcbP2FjieHHMDwn%2FitD0CCgX%2FPCEoh47fqMmaI9vPnHV4vGt90UuObiLwpliGaa1G3mE8igqSCayKgDXLvuyQ6qh%2F2BsLx1Xr8eTRiiHIOdMY77qa8N48DyR4p%2F8g5ISxewHTj6BDY0KSquDXNLlmIk0i1Q5KSAlysqvPB2Bc0Ax2t62L7WCCLzY9xXNm0svhFcRd5unMoDycL00lQgefmbw7Pd51t2BHCEypjmPvJRuu0s0dI%2FiH8sRUbUzFH44nUmMSKf6CFu79g9WVz%2B4VLPuPn8zWU5VwlNOD0ICb0MxdA%3D%3D,ACTIVE
105,2025-05-16,,En Proceso,https://storage.googleapis.com/factudata-3afdf.appspot.com/StockRemitos/5492212241284%40s.whatsapp.net/2025-05-16/Conformidad_Grandbell_Pedido_105.pdf?GoogleAccessId=firebase-adminsdk-xts1d%40factudata-3afdf.iam.gserviceaccount.com&Expires=16447017600&Signature=aGmDMmlJu8FdOAabpA%2FBvsYT223%2FsPSeOhZFhCKCG2xU6lV2w0jiQiT2%2Bi8u6cmHg3UzMR7L96qIyGcL6%2B0VAxM%2BwI24S9f%2Bealu7CmDWHO4Nwz5k6BHbtKXtIlH4NWyc5G%2FdlBQk3o6%2F3%2FJIEOUy7wWNT3THgu5%2Be0i2Q5Nq%2B%2BZI%2Fuyzji4SlS5ZGJg3YmhetBjHRzhCdi7J63eC7vKLI6qasM6W5mCRVmVmGj5qefhxZ8Bhk48si1q2AawND5nXEhj8jYydSjcMfGqVfBDRxEzXmfKEUZx1JKudj0LRCOZEyEhEe10Sye6Klahmp41KLw1d7swtqFlQE0OC%2FG1wQ%3D%3D,ACTIVE
106,2025-05-16,,En Proceso,https://storage.googleapis.com/factudata-3afdf.appspot.com/StockRemitos/5492212241284%40s.whatsapp.net/2025-05-16/Conformidad_Grandbell_Pedido_106.pdf?GoogleAccessId=firebase-adminsdk-xts1d%40factudata-3afdf.iam.gserviceaccount.com&Expires=16447017600&Signature=NIahB2YxkN97Hq05hxO3VNGyh3fPs8wpmfesJHlJfBeuBTp14p2xQu2olFWcGdrqZHhaPTO5HiNJlzXrQq8KH0FD55t8alwOsc1QxDe3ubsi%2FKQ0FzW36l3zFliGrA4SmiUAJExNgGy%2BPl6wNa4oeyjU0BqhF92CNnRELsiUAluK3vuSYs8syj8f7dnSP5VZemC191c6Yfwv%2BBMUFBaEreKpFVFKCoCooYicCLJ5CdkDGmjgdf1fSyu%2FgQc7GCRzjv1ruESqu9CYfvXEXozsDywRD%2FIdaHQ9TrtycfYEcJWr5BhpW6iGBGjpk3x%2Bukqe89V5cSFz8YLlop%2Fc36j%2BHQ%3D%3D,ACTIVE
107,2025-05-16,,En Proceso,https://storage.googleapis.com/factudata-3afdf.appspot.com/StockRemitos/5492212241284%40s.whatsapp.net/2025-05-16/Conformidad_Grandbell_Pedido_107.pdf?GoogleAccessId=firebase-adminsdk-xts1d%40factudata-3afdf.iam.gserviceaccount.com&Expires=16447017600&Signature=pO7Pxr7B92t7AJSvnogk5NiB%2BC%2By7GoF3K9HEf%2BLOFobZ6xyHwQ%2F3NzwY3i3%2FUHbGdYDQdpFWhHwQGjfEspagfgr%2B6ecFcDBc6pj7fKBnYxTBzaRvdvxUBJlsSj0ostA5OC8XlGjT13uAXq%2BuCHcqO5ldfDgaMcUoE0vPuKYJ2sPsVALDiuRABxXuBchMqrPX%2BjNNKA9mwslWYxg%2BAaxwYUkJPmYbJeh3bdGv9PsvrAlnB%2BrBPHUzqvWobjJOgGZ4VFyR9puzoUJyYMP2QFWjxoqeMz0XQLBpdu%2BwGxE2OGInp6xQ8AJHpHC2XSDfrYtHcHIb2BIIB8AWWqxMOlJww%3D%3D,ACTIVE
108,2025-05-20,,En Proceso,https://storage.googleapis.com/factudata-3afdf.appspot.com/StockRemitos/5492212241284%40s.whatsapp.net/2025-05-20/Conformidad_Pool_460_459_Pedido_108.pdf?GoogleAccessId=firebase-adminsdk-xts1d%40factudata-3afdf.iam.gserviceaccount.com&Expires=16447017600&Signature=B15huIzLHQUtITZXIcMP1RFhD2HYIkaLrDTOeuHeTN0XObWZduo8MLoH6nC8njMJ0AQ0GKBhiP70jLQ8ddUq9CGJXHEpMdqzm61g1I2OofPbtgfNEw8fqxFgcvZ0fgw1PN%2BkVogKqvCZdLp2PhvX0MI7PeNCUh9B6mZaDyWyr3Ag1swwmaH6MyoA0Qy7Mu5eH1c6QtUJLQjJku7jLOGxiQQzyGMLyN5Q7RLNW3V22uAZ%2BgQFiv%2FGVqrxUwvAn%2FrOwGZpNLlb2%2F9zZGXU6FifbXUDcOonZ83BV%2BuH%2B71h8fq0CwVSmaNljyMzHrKowELcqPJZLgC7JFSJxxnvRw26wA%3D%3D,ACTIVE
109,2025-05-20,,En Proceso,https://storage.googleapis.com/factudata-3afdf.appspot.com/StockRemitos/5492212241284%40s.whatsapp.net/2025-05-20/Conformidad_Pool_460_459_Pedido_109.pdf?GoogleAccessId=firebase-adminsdk-xts1d%40factudata-3afdf.iam.gserviceaccount.com&Expires=16447017600&Signature=BrlAUfPSiT5g%2BOpcMBOrmWHsAyxJ8kWRehOFhU8KCnIfYucQoHvjZl2O3H%2BsmFgkC7s8RpN2iruRrJrBCyJssAi4Xn1srL8eoBlDdX0AbPRxNORXBaCsQjnGxp%2BG32c%2BTOd%2Bmyd70TFwIxZZ%2FKITX4Qf59j7m87bQgbw%2B31V2IYHcu6yKEBaC63ix19f%2FzRRRAI6IzLpkrSvsYzMcgdBW0xtKjYGHqKxqpXla8dyUt5TI753PqBa5g9UkwOnDbcYxK8ap379FdzrYBKaN7nLerdNUfTNih1yzn72gTBQcLFL0PLVWj9OBfl9srR6znRA9TmKBjoFM7PqoiyeQw3XwQ%3D%3D,ACTIVE
110,2025-05-20,,En Proceso,https://storage.googleapis.com/factudata-3afdf.appspot.com/StockRemitos/5492212241284%40s.whatsapp.net/2025-05-20/Conformidad_Solares_Pedido_110.pdf?GoogleAccessId=firebase-adminsdk-xts1d%40factudata-3afdf.iam.gserviceaccount.com&Expires=16447017600&Signature=WDOLr5fg6nQ5ORnOO%2By9MoCSHpwBsNb9XRzAMWcA1GHiBd9QP%2FqgyswBKYYwgvu7ke76Go4DQ8UzntNcZVrqGjTKLMxslHF4lyzEzH0c0xGS3oaHubDN2hXbU9Mr2rrafkTJYzTu6KbtOUWTRJNW8PlIMDTMoliFDL7KmjoFP3V4nBNzrIWnG%2Blf4CzCXXMtSYTqgJgisa%2FwYtpzzC70Ase0Am31bSjRkmgPholBfScTZTxYL1JLvZmqT8pWQdp3crMb3VV1W9pSpHYj2p7FmeqfFXXgKGwXLxNsn9vrlxl7%2FUVt598sdGL20nTxxb2SJyiFZg9oc%2BmFIjZBUkthUw%3D%3D,ACTIVE
111,2025-05-20,,En Proceso,https://storage.googleapis.com/factudata-3afdf.appspot.com/StockRemitos/5492212241284%40s.whatsapp.net/2025-05-20/Conformidad_Ribera_Pedido_111.pdf?GoogleAccessId=firebase-adminsdk-xts1d%40factudata-3afdf.iam.gserviceaccount.com&Expires=16447017600&Signature=qUEwcaPzJa1v%2FT9hA8C7a%2BDqbAcO54j0WYtM2dqS7BUmQT%2FtPdftEJX5Bq4h4yXVe8yWKGdzgnt%2FMGiHJolwwdQgDe8QNke8yv80B3zMmLQvrNhRA1khF8u%2FShPnN1bhXm0w%2FkfafVmyUuSXK7PCRKShpngOoYcn6Bn2DmI5859hBH3jnfW4tISq8i%2FZoUaZq6BOwnVfPUy1J725KuQ8Jp9ZU%2BvVqk1EsKtxdhFcQU4Lc7dPHH6A9wHT8cv0Bjk2%2FRGGBnRJQhae5hX0UKfPQ3%2BrlwhpJQF92dggqa4Wvj04%2FjKAymHKte215guPJDaZE1oq5fQrJO3pToSxqqRp1w%3D%3D,ACTIVE
112,2025-05-23,,En Proceso,https://storage.googleapis.com/factudata-3afdf.appspot.com/StockRemitos/5492944243136%40s.whatsapp.net/2025-05-23/Conformidad_Solares_Pedido_112.pdf?GoogleAccessId=firebase-adminsdk-xts1d%40factudata-3afdf.iam.gserviceaccount.com&Expires=16447017600&Signature=gOnKzZClh9Gj4gVk56E6662pgpN%2F7o18RJsgE2iS0dc1%2B0fyIScNjN%2BV7cXE4OPihXyH45GUE6TD7H%2FnW6ct1%2Be1C905Q6EBT8J%2Fpua8aST%2BxC%2BUcCRplrN%2BYqQ2IKAgX1blP6NEz8ZEdYeUFkgcmgIQlAL0%2BrIeb5L5MkydHDb3dPSAw0JHnmiCpRWf44hnoQ2VTYT1JCBYRu2i9S99R7AKstaPM8XHRQyqu410cB3mksgNww5atCKkZWsJMl0TII3MNAUyBBFbagyLOV%2FarXxs%2BUaDzi0VNx61%2BASEitbwSubeR9vNxEUtbnx6LOhxEr0gTdHo5aEz91LzycwnjA%3D%3D,ACTIVE
1,2025-06-12,,En Proceso,https://storage.googleapis.com/factudata-3afdf.appspot.com/StockRemitos/5492212241284%40s.whatsapp.net/2025-06-12/Conformidad_Don_Alberto_Pedido_1.pdf?GoogleAccessId=firebase-adminsdk-xts1d%40factudata-3afdf.iam.gserviceaccount.com&Expires=16447017600&Signature=kZCg9rREFpfuoUIExXzwD1td5RHwtVQpyzLjxndk%2FX%2Bx1d7URPIQdIDYRrBO1PbJQt19nxL0d4U%2FP8jQJf8NhRWUxizPxsbTeU79FyORg81EJpqj12LXvCuhIesCeaX2E1NaVeCde4bE%2FzP2qrR8%2Bcs6QIGzCn%2FGxMUFRWyy1%2BmnHCl8XUEWa%2BLdecLliVLF5IXxVIEw6PxruEue1a9FJD7hBeBrzbRKVbO4yanYhSHIZ8ZeulQKBOJwGL4uQRjauh7pgCIcojDrZ8WehmBLv1vqPWTDvtMCeagzVyda7yoIWl%2FPdhEBUzu1aLqj5F8OOIBvTA8wQ2ljzEzSKdRF0g%3D%3D,ACTIVE
2,2025-06-12,,En Proceso,https://storage.googleapis.com/factudata-3afdf.appspot.com/StockRemitos/5492212241284%40s.whatsapp.net/2025-06-12/Conformidad_Ribera_Pedido_2.pdf?GoogleAccessId=firebase-adminsdk-xts1d%40factudata-3afdf.iam.gserviceaccount.com&Expires=16447017600&Signature=E1vRNd7YA0EvC1ry8rjT0NfSy6CvnKQHWslr18y9iXh5bjS3StprsubXsQ%2FmMqLIKUG54DPzqBEAYKqMboT6C%2BeBZhTklLCGtClMB%2B4sSTUL4Q5DyhxHken%2F%2FTVY9xCm6UbYHrefw9Szml8Ctvl6ACelSW08VP7Vas1X9Ce9kfMHQovJkSyDgBMIPmdLHg3%2B6IyGLRhzzJtPXiCTb7jI1qwGfxlXLYtzl7Mb4znlooM8Cg%2FJGIGAm%2BPyq%2FJ4bVgTnQ%2BpfioY55r35G4AoUVPtosW%2FkJyF2xOO6iB7SucCB9Or3NJYPqLyMwxtuKo8dkyc3M49vXlHLmx6%2BJqwhbP7w%3D%3D,ACTIVE
3,2025-06-12,,En Proceso,https://storage.googleapis.com/factudata-3afdf.appspot.com/StockRemitos/5492212241284%40s.whatsapp.net/2025-06-12/Conformidad_Ribera_Pedido_3.pdf?GoogleAccessId=firebase-adminsdk-xts1d%40factudata-3afdf.iam.gserviceaccount.com&Expires=16447017600&Signature=qLPFlhinVAJ2rF2S5lUag9KAzvgGqgX3cBZkMNHJJl%2BJOdS1X4xsumzpKkEsClEVGY%2BSDH7aaUXq5LlyvUZpzUQ7xpWj1KiQ4JE33Q3FBRPP%2BBAZYSq78Qbti44mMlBUJA2Q6QdZPtPUF8OBW%2FD2NSkFJLDpM4jB8L69rqsUIdTT2y1U1nV5hQvroc7Lx3PHt7JF9waRoObLAGoIDTsf%2Fw2FshA9PohEypcTKmduJuMHsIGz%2FhBRQVL0zI%2BYHZY5zgmqvczKYZr05LMsq28lu5OE6HS61AzNptFcZBQuowml23FkQUOKxz2FWncUv%2B30u4ZfUhjw2bF0mk2txrgSJQ%3D%3D,ACTIVE
4,2025-06-12,,En Proceso,https://storage.googleapis.com/factudata-3afdf.appspot.com/StockRemitos/5492212241284%40s.whatsapp.net/2025-06-12/Conformidad_Ribera_Pedido_4.pdf?GoogleAccessId=firebase-adminsdk-xts1d%40factudata-3afdf.iam.gserviceaccount.com&Expires=16447017600&Signature=DobuOsG2kDNAPV6NvQuATPP%2FNPtptVLucjYJbEWpX1CvE9D8zZmGJnlGeVnA9WbuDq%2B2oMXSH8EN0v0npPdL5OZ2E3Va5ma7X4F%2BNezT7jwXtH5YPyRYNovHKw8ntxhdBxcaBF8wsZdbz8Lbu%2BDNDncaDP0FlDRVYVBmUw6ygqZ4U5kiWGsQT%2B5Qs5bUaQmrLuH8kPzIZBVEPhjMLduG5rHlE%2BBvYPUfTI36tiI1d5Rqs8Oa66%2Fqw94LSYJcvcUAy33FwlLnsc%2F8ClC%2BgxpK0LuJGBWjmz7Mi9eaFpGkxe%2Beow%2BMgoMReRdpr1YDjuU9LYRnsLZUj%2FqHQ8orTOfKYA%3D%3D,ACTIVE
5,2025-06-12,,En Proceso,https://storage.googleapis.com/factudata-3afdf.appspot.com/StockRemitos/5492212241284%40s.whatsapp.net/2025-06-12/Conformidad_Ribera_Pedido_5.pdf?GoogleAccessId=firebase-adminsdk-xts1d%40factudata-3afdf.iam.gserviceaccount.com&Expires=16447017600&Signature=cvXA%2F7W5JVYAAuB%2FOlJMduZSofmRNB7UOJjIIhfqK7dSHIQ1isjdudXiWMpLVYiBTm0Xzm5LA2zKKnxIftHmbrk60ku2DxCDE9Kvorb8FfojD6qUsCkpgzBJCkJAX8%2FD6PIbO%2FgKv7h9A60ihryoaIWgOnXWwmC%2Bk9AcsFnP805EiIhotHYYlTSCnb6QYwlzTfuqgMD9e4p5T6JfZCmIiJzMsVRNyrOxetV73sfEnsk4fyVjz1HuDMns9MBY5sEuB7eZIOnuysPGOKbnZA7SEmCrbT10zwRnPA0De3rqP1NHKiBjnbj1cCNUb08946P8DvNuZCLHeVCjwwPpmkfE3Q%3D%3D,ACTIVE